L,C,fsw,iload,rds_on,vout_max,vout_min,ripple,pin_avg,pout_avg,efficiency_spice,vin,vout,duty_cycle,delta_il,ccm,delta_vout,p_cond,p_sw,p_total_loss,efficiency_analytical,vout_spice,vout_error_pct,efficiency_error_pct,ripple_error_pct,Q_factor,ripple_abs_error
1.8763377114596664e-05,0.0002764751159416,695480.3894553154,3.596801184237966,0.0385680108859906,4.7559094429,4.75436830521,0.0015411376900003,-17.1418801028,16.2654153419,0.9488699748426758,12.0,5.0,0.4166666666666667,0.2235068831964826,True,0.0023803669462197,0.337375622891815,0.6003611252177184,0.9377367481095336,0.9504413116435086,4.755138874055,-4.8972225189000085,-0.16532707296947288,-35.25629767091976,5.336126205265002,-0.0008392292562193998
3.973070173388321e-05,0.0002115078553676,210754.17917321785,3.7395710320457134,0.0314391390376113,4.75774957895,4.75524806976,0.00250150919,-17.8155436082,16.9220326437,0.9498465506217424,12.0,5.0,0.4166666666666667,0.3483247766322496,True,0.0044600163514952,0.3232679839662029,0.189151253596497,0.5124192375626999,0.9733257720867527,4.756498824355001,-4.870023512899984,-2.4122675201204524,-43.912555630846946,3.0849515687487346,-0.0019585071614952
1.2559556332726933e-05,0.00018529990983,675413.150305599,4.760542406687072,0.0373290006623007,4.73291683197,4.73231935501,0.0005974769600003,-22.5581314459,21.3248976267,0.9453308523288996,12.0,5.0,0.4166666666666667,0.343829383080881,True,0.003781700148708,0.579370356112537,0.771679906575339,1.351050262687876,0.9462883426032812,4.73261809349,-5.3476381301999965,-0.10118377573452247,-84.20083728202447,4.034261271314076,-0.0031842231887077004
9.692536385982829e-06,0.0002696400698713,970749.1794924216,3.900382065817961,0.0156118796443148,4.78853559494,4.78726577759,0.0012698173499998,-18.7255806685,17.8820394834,0.95495246849573,12.0,5.0,0.4166666666666667,0.3099861756148739,True,0.0032478955522133,0.251221641628537,0.908710245623938,1.1599318872524749,0.9438611584045956,4.787900686265,-4.2419862747,1.1750997477088676,-60.90338098666766,6.761395635920129,-0.0019780782022134997
2.546230182805652e-05,0.0001715890988293,273970.37673968635,2.976027481521508,0.0403039281820375,4.76226234436,4.76059754193,0.0016648024299996,-14.1812276457,13.4939860047,0.9515386355702156,12.0,5.0,0.4166666666666667,0.418105161986507,True,0.0052927890867568,0.237691626284595,0.1956824088720258,0.4333740351566209,0.971699891512381,4.761429943145,-4.7714011371,-2.074843901730389,-68.5458384471594,4.361431769744084,-0.0036279866567571996
1.4953282013440406e-05,0.0001560830706503,542564.3822453953,2.3010540678205778,0.0214671267141213,4.79742288589,4.7963924408,0.0010304450899996,-11.0496284282,10.589761039,0.9583816422255104,12.0,5.0,0.4166666666666667,0.3595000822417324,True,0.0041256431954361,0.1005130374842091,0.2996327949168782,0.4001458324010873,0.96638959725248,4.796907663344999,-4.061846733100012,-0.8286466503506285,-75.02340747402715,7.020253894995417,-0.0030951981054364993
1.8287989775964032e-05,2.383857480153637e-05,497896.7409366628,0.5790641163455664,0.0436597122624319,4.81940221786,4.81541633606,0.0039858817999993,-2.79406800614,2.68785603091,0.9619866177213304,12.0,5.0,0.4166666666666667,0.3203181477662224,True,0.0065766136820421,0.0096941020331604,0.0691953927172382,0.0788894947503986,0.9734754799688488,4.817409276959999,-3.651814460800011,-1.1801902034436422,-39.39309813980672,9.858265485851907,-0.0025907318820428005
4.063199844302474e-05,0.0003801959566861,446773.8537344028,1.889668134335104,0.0311650364044133,4.84087179243,4.74607849121,0.0947933012200001,-8.93617165554,8.68181451959,0.9715362298583072,12.0,5.0,0.4166666666666667,0.1606685468902,True,0.0017249203545654,0.0821268756904843,0.2026210355174384,0.2847479112079228,0.9707443419647204,4.79347514182,-4.130497163599998,0.081575329296706,5395.517573846685,8.093830777946579,0.0930683808654347
5.863642583422216e-06,0.0003125328822849,280742.0072100923,2.5554822253147216,0.0387659815876891,4.77401738822,4.77110905051,0.00290833771,-12.2218145406,11.6416087417,0.9525270329563096,12.0,5.0,0.4166666666666667,1.7717886182659714,True,0.0202420573560731,0.1776301421051564,0.1721834902378964,0.3498136323430528,0.9733520497464292,4.772563219365,-4.548735612700003,-2.1395153783818297,-85.63220299774801,14.28437533943246,-0.0173337196460731
1.3735954346038376e-05,0.0002368653801907,956057.0252580036,2.848293460440039,0.0147793323936851,4.80261945724,4.80129814148,0.0013213157599993,-13.712387995,13.1359153547,0.9579597193056234,12.0,5.0,0.4166666666666667,0.2220977518538759,True,0.002343571398083,0.1311530958588026,0.6535514334840309,0.7847045293428335,0.9477774819734474,4.8019587993599995,-3.9608240128000105,1.0743278381097168,-43.61956452105053,7.289649499164886,-0.0010222556380837002
1.9405401235208183e-05,0.0002347989842677,465611.2590417664,4.471280214210131,0.0483664263735241,4.71710824966,4.71657896042,0.0005292892400001,-21.0928472176,19.8959382528,0.9432552204805574,12.0,5.0,0.4166666666666667,0.3228053307144953,True,0.0035971422404304,0.603084621249224,0.4996508184160602,1.1027354396652842,0.9529933491302393,4.716843605039999,-5.663127899200013,-1.021846444003984,-85.2858406862229,3.8897788443836885,-0.0030678530004303
2.5208464780536806e-06,0.0001358463327963,989179.8755357736,2.5308364500799807,0.0359846633953657,4.78482373714,4.78357028961,0.0012534475299998,-12.1372255107,11.5855874406,0.9545499035497294,12.0,5.0,0.4166666666666667,1.1696747869675248,True,0.0127848056286725,0.1629369592559486,0.6008285963259634,0.7637655555819121,0.9430788100665124,4.784197013375,-4.316059732500008,1.2163451623314423,-90.19580299923612,14.502961175853748,-0.011531358098672699
3.746975050496528e-05,0.00034496832521,842933.2349273107,4.011597842751581,0.0292392906816783,4.77144908905,4.75736618042,0.0140829086299998,-19.1315552866,18.2039885473,0.9515163965812188,12.0,5.0,0.4166666666666667,0.0923448796367925,True,0.000963145133465,0.35700555541893,0.8115621952363227,1.1685677506552523,0.9449478428077438,4.764407634735,-4.711847305300001,0.6951234211993857,1362.1792854141606,3.781828450503748,0.0131197634965348
3.292911613007215e-05,0.000271402172526,274563.313389058,4.463293624235989,0.0311661768053803,4.7457408905,4.74326658249,0.0024743080099991,-21.1767190819,20.0931813273,0.9488335397750016,12.0,5.0,0.4166666666666667,0.3225998917986435,True,0.0037671498408387,0.4581013695848025,0.2941096046636376,0.7522109742484402,0.9673925424539148,4.744503736495,-5.1099252701,-1.9184562485706076,-34.3188321532697,3.2161120326208463,-0.0012928418308396001
2.309500804870957e-06,0.0003490640706695,986941.4896448108,2.935731007749337,0.0490159246368655,4.76168203354,4.7608704567,0.0008115768399994,-14.0163129389,13.3102742954,0.9496273630178088,12.0,5.0,0.4166666666666667,1.27960896430688,True,0.0132603811414709,0.2663549884733616,0.6953747361563021,0.9617297246296636,0.9385098423613172,4.7612762451199995,-4.7744750976000105,1.1845928678296689,-93.87968693100946,20.93858165244594,-0.0124488043014715
4.251456345110207e-05,0.000222451615172,226040.9625950543,3.407698311895607,0.0120591996850958,4.79328611016,4.78664447248,0.0066416376800004,-16.3303081441,15.6340331718,0.9573630230271216,12.0,5.0,0.4166666666666667,0.3035022578137391,True,0.0037895051769094,0.1745878860110849,0.1848670575970618,0.3594549436081468,0.9793392315843492,4.78996529132,-4.200694173600006,-2.243983274485498,75.2639822336147,3.3562769082003827,0.002852132503091
2.5351026539977205e-05,0.0003472672530671,477235.4901498968,2.797858710975468,0.0203658921855017,4.80611428618,4.77800353527,0.0281107509099998,-13.3906928342,12.8414119927,0.9589804016639728,12.0,5.0,0.4166666666666667,0.2410785193043653,True,0.002592617883049,0.1447965298376242,0.3204569935926085,0.4652535234302327,0.9678126529382264,4.792058910725,-4.158821785499995,-0.9125992770852236,984.2612439647556,6.614215884647469,0.0255181330269508
1.3360757052046788e-05,0.0002194005670375,468171.4065621712,2.105263328514173,0.0445657347422284,4.78031158447,4.77889347076,0.0014181137099997,-10.0708892358,9.61883394768,0.955112674011642,12.0,5.0,0.4166666666666667,0.4662843566317096,True,0.0052302813194002,0.1271395023075803,0.2365497824866173,0.3636892847941977,0.9666033896381728,4.779602527614999,-4.4079494477000125,-1.1887725358414183,-72.88647352983439,9.624250495741377,-0.0038121676094004997
4.200595724286738e-05,0.0002604873366599,991320.3016438944,1.3949217395868516,0.035070953065787,4.85272277296,4.7741560936,0.0785666793599997,-6.64054971709,6.45217535344,0.9716327154113156,12.0,5.0,0.4166666666666667,0.0700425440572606,True,0.0007343310308243,0.047902001596026,0.3318754175176473,0.3797774191136733,0.9483604187937148,4.81343943328,-3.7312113343999975,2.453950645388851,10599.082030049467,8.926023508278746,0.07783234832917539
4.343440293268896e-05,0.0003173279733531,902963.7245290668,0.9672321576535856,0.0341736422315617,4.88944578171,4.75717067719,0.1322751045199997,-4.67832877773,4.5128985469,0.964639032720939,12.0,5.0,0.4166666666666667,0.0743674069953573,True,0.0007761165458411,0.0226876943584511,0.2096101323742001,0.2322978267326513,0.9541679543273484,4.82330822945,-3.5338354109999948,1.0974041148732911,16943.2012084795,13.972577537246378,0.1314989879741586
1.7455700329304265e-05,0.0002700087613387,132100.7854656334,3.7672232526326495,0.0376032054698879,4.74873209,4.74328053951,0.0054515504900001,-17.8813847284,16.9724053377,0.949166163330946,12.0,5.0,0.4166666666666667,1.264864841035496,True,0.0170813743112946,0.3677016950583274,0.1194367561673211,0.4871384512256485,0.9747900414073152,4.746006314755,-5.079873704899995,-2.6286561195655676,-68.0848250811095,5.219981162552813,-0.011629823821294502
2.4770529061295253e-05,0.0001141426701836,351970.3519862609,3.250869454630174,0.0106300292174966,4.79509878159,4.79371356964,0.0013852119499997,-15.6011796344,14.9451263084,0.9579484794500136,12.0,5.0,0.4166666666666667,0.3345379823336045,True,0.0043862614338709,0.1526243291928558,0.274610319889816,0.4272346490826718,0.9743888408740634,4.794406175615,-4.111876487699995,-1.6872485330704516,-68.41930261376959,3.3016181792658026,-0.0030010494838712
7.980922796327597e-06,0.0002716627297288,841693.6069048521,1.719979753487216,0.0217003824443166,4.8101067543,4.80823469162,0.0018720626799995,-8.29207412721,7.95586143336,0.9594537278982184,12.0,5.0,0.4166666666666667,0.4341898433449501,True,0.004579257368279,0.056631160263702,0.3474470310038335,0.4040781912675356,0.9551222539639068,4.809170722959999,-3.8165855408000127,0.4534994254751424,-59.118640219536985,16.960363069519353,-0.0027071946882795
3.901861616419186e-05,0.0002449505867223,672604.6285730139,2.749190893481848,0.019516973248031,4.8037071228,4.78717470169,0.0165324211099999,-13.1836011586,12.6419123991,0.9589119275542828,12.0,5.0,0.4166666666666667,0.1111360825101383,True,0.0011956800802408,0.1370617812851906,0.4437884447488009,0.5808502260339916,0.9594570988812444,4.795440912245,-4.091181755100006,-0.05682081331174905,1282.6793122346246,4.55688866976305,0.0153367410297591
4.510132520318782e-06,0.0001014261180548,933655.2846890003,0.8733527617922595,0.0320767650856321,4.82000398636,4.81884431839,0.0011596679699996,-4.21900750718,4.05710433376,0.9616252938293024,12.0,5.0,0.4166666666666667,0.6926453702880062,True,0.0078407449985542,0.0187559219538512,0.1956985011468184,0.2144544231006696,0.953188341563867,4.819424152374999,-3.6115169525000117,0.8851296115931446,-85.20972216015905,27.149420048109913,-0.006681077028554599
3.790897361033496e-05,3.474849206779352e-05,466073.9577853467,2.743455719113683,0.0484676915543269,4.76071859896,4.75941038132,0.0013082176399992,-13.076918298,12.4325507995,0.9507248203425304,12.0,5.0,0.4166666666666667,0.1650782800025812,True,0.002924899324431,0.2273317579180378,0.3068767836038781,0.534208541521916,0.9625155931880536,4.7600644901399995,-4.798710197200009,-1.2249955147707996,-55.27307114224534,1.7448938740020428,-0.0016166816844318
3.366064215745618e-05,0.0003506237008965,273693.7989558107,0.8278052085340925,0.0458033753878571,4.84881162643,4.76265461504,0.0861570113900001,-4.1147613093,3.83037246968,0.9308857019294808,12.0,5.0,0.4166666666666667,0.3165916407435343,True,0.0035783017581882,0.0201735822524522,0.0543756365565846,0.0745492188090369,0.9823073721999068,4.805733120735,-3.8853375853000043,-5.23478411398518,2307.762598356823,19.494014554154575,0.0825787096318119
2.8356537338811163e-05,4.241363249689424e-05,452826.5136598646,0.1733899790363336,0.0093672670425278,4.83747434616,4.82035112381,0.0171232223499995,-0.83877713087,0.80859530434,0.96401687001326,12.0,5.0,0.4166666666666667,0.2271442531391722,True,0.0037497829466286,0.000477758472708,0.0188437391305392,0.0193214976032472,0.9781991185086842,4.828912734985,-3.421745300300003,-1.449832475523577,356.64569372994913,35.26729463366514,0.013373439403370898
2.226825313027854e-05,0.0004527215354037,985181.877069111,3.015609276197779,0.0195864146779486,4.81024265289,4.77111291885,0.0391297340400003,-14.5469677008,13.8499592916,0.9520856563693568,12.0,5.0,0.4166666666666667,0.1329487427478858,True,0.0013667477559995,0.1651811111312056,0.7130216657355722,0.878202776866778,0.9449618285488844,4.790677785870001,-4.186444282599986,0.7538746651186933,2762.981400059794,7.475968038202868,0.0377629862840008
3.705031415102124e-05,0.0002926115395149,247006.7682259986,3.395631217469953,0.0199225730584521,4.7857546556,4.76870345533,0.01705120027,-16.255371818,15.5074197642,0.9539873918496424,12.0,5.0,0.4166666666666667,0.3187029255038605,True,0.0037382121867454,0.2111719654115896,0.2012985343474958,0.4124704997590854,0.976282021944808,4.777229055465,-4.4554188907000025,-2.283626000891974,356.1324884247753,4.13808363473366,0.0133129880832546
1.8771329670796003e-05,0.0002634121518922,868540.093137554,4.124109110377,0.0473727915837551,4.73204994202,4.73150205612,0.0005478858999996,-19.5580588359,18.4679107445,0.9442609258645358,12.0,5.0,0.4166666666666667,0.1788965191004308,True,0.0018867083173919,0.505882702462144,0.8596689866007059,1.3655516890628498,0.9378902188006524,4.73177599907,-5.364480018600002,0.679259356391424,-70.96075238821373,4.541614231966842,-0.0013388224173923
2.2344586341664086e-05,0.0003396891233507,217961.32582011708,0.4849273811210677,0.0308785004519839,4.8512838006,4.79035902023,0.0609247803699997,-2.29344767024,2.25091690687,0.9814555335524402,12.0,5.0,0.4166666666666667,0.5988734201917411,True,0.0069998105916059,0.0060604617567653,0.02536689957975,0.0314273613365153,0.9872041779364158,4.820821410415,-3.583571791699995,-0.582315645785877,770.3775562593089,40.20202769513995,0.053924969778393804
4.985984822499176e-06,0.0004115088328102,807981.0367667878,2.690537800277503,0.014896815993246,4.80243110657,4.80127859116,0.0011525154100002,-12.9459148417,12.4074041879,0.9584030437103288,12.0,5.0,0.4166666666666667,0.7239935182807432,True,0.0075121202917156,0.1180303493861983,0.5217368451188278,0.6397671945050261,0.9546021512778236,4.801854848865,-3.962903022699997,0.3981650813815375,-84.65792126264007,16.88282081180334,-0.0063596048817154
3.747912311113493e-05,0.000467893758196,782993.851877407,3.4330544769500966,0.0182440370378315,4.82877996307,4.75372982025,0.0750501428199994,-16.3664067149,15.7402850382,0.9617434854450992,12.0,5.0,0.4166666666666667,0.0993891611339229,True,0.0010278028329096,0.2074655039428099,0.6451345316669119,0.8526000356097219,0.9526803156489064,4.7912548916599995,-4.17490216680001,0.9513337944869313,7201.998050301192,5.145981546611016,0.0740223399870898
1.0525256201592973e-05,0.000460685426505,360614.3837427479,2.1139075825913625,0.0419110901805589,4.78161907196,4.77854776382,0.00307130814,-10.104252968,9.66078391359,0.9561106540172284,12.0,5.0,0.4166666666666667,0.768441970363447,True,0.0082626136904811,0.1240725152068425,0.1829533152444734,0.307025830451316,0.9717717987321692,4.780083417889999,-4.398331642200013,-1.6116072451755954,-62.82885470564498,15.6483988380904,-0.0051913055504811
3.576358605064885e-05,0.000119782985922,825444.7575353665,4.037197884966372,0.0474634322777222,4.73347139359,4.73321723938,0.0002541542100003,-19.149017472,18.0902233322,0.9447076519018176,12.0,5.0,0.4166666666666667,0.098800177589269,True,0.0011129081466221,0.4853492665817287,0.7997961190268069,1.2851453856085358,0.9401454372600916,4.733344316485001,-5.333113670299987,0.48526690242967974,-77.16305601933914,2.2665588772424354,-0.0008587539366217999
4.101890805116992e-05,0.0002987264016777,666638.7854285535,2.297387724727206,0.0096965455610969,4.85000514984,4.78042173386,0.0695834159800004,-11.0004428404,10.6462802674,0.9678046985800144,12.0,5.0,0.4166666666666667,0.1066625901601206,True,0.0011335770381022,0.0741174955981149,0.367566662992947,0.4416841585910619,0.9629727449132564,4.81521344185,-3.6957311629999974,0.501774706738278,6038.3932137946995,5.873276736808186,0.0684498389418982
1.6845070094215363e-05,0.0003428018450505,412774.13596944045,0.5388418221129514,0.0418889728886536,4.83367118239,4.80064001262,0.03303116977,-2.57683773322,2.5011152408,0.9706141789823228,12.0,5.0,0.4166666666666667,0.4194705725568464,True,0.0045652634613945,0.0083737601804415,0.0533807922112493,0.0617545523916909,0.9775923923737644,4.817155597505,-3.656888049900005,-0.7138162536737055,623.5326076867937,41.85948418495288,0.0284659063086055
3.734251076654035e-05,9.009520405594144e-05,822341.6127737606,4.4542662495734,0.0084648005062102,4.79106521606,4.79077863693,0.0002865791299999,-21.3766097839,20.4475639,0.9565391381845908,12.0,5.0,0.4166666666666667,0.0949797486817386,True,0.0011100434465612,0.2683924520486623,0.8791028379355006,1.147495289984163,0.9510011619015368,4.790921926495,-4.181561470100004,0.5823311794888586,-74.1830708619836,1.743584142287672,-0.0008234643165612998
1.974090622603743e-05,0.0002358985623111,751809.8586741964,1.3696514717246762,0.0133870316450439,4.8370423317,4.80299282074,0.03404951096,-6.61036973047,6.36435788062,0.962783950084361,12.0,5.0,0.4166666666666667,0.1965222357884466,True,0.0021037346764022,0.0292734782703593,0.2471321950536561,0.2764056733240155,0.9612043864973548,4.82001757622,-3.599648475600006,0.16433170813567846,1518.5268675720722,12.619409694035895,0.0319457762835978
4.606600913256578e-06,0.0004149341812337,904121.717170193,1.6547137112831674,0.0138008972382738,4.81657934189,4.81535816193,0.0012211799599999,-7.98667349335,7.67586568382,0.9610841973458925,12.0,5.0,0.4166666666666667,0.7002922300408994,True,0.0072362590840423,0.0437694210856968,0.3590550244968961,0.4028244455825929,0.953572360600792,4.81596875191,-3.680624961800003,0.7877573905736627,-83.1241537123388,28.677840851430968,-0.0060150791240424
2.419074295336885e-05,0.000297426853049,261329.83745109595,4.46968507062143,0.0054876729854468,4.79210424423,4.78714942932,0.0049548149099996,-21.4109152362,20.5050932438,0.9576934482992814,12.0,5.0,0.4166666666666667,0.4613691942914352,True,0.0053556672152515,0.2456792885006684,0.2803348975111412,0.5260141860118096,0.9770042809087304,4.789626836775,-4.2074632645000065,-1.9765351070404336,-7.4846380318474734,3.9224603723326266,-0.0004008523052519003
1.7116887948002547e-05,0.0002109642178762,366481.4774601216,4.312533106372007,0.0191786729988541,4.7690038681,4.76806116104,0.0009427070600001,-20.6106487061,19.6124916544,0.9515708085692332,12.0,5.0,0.4166666666666667,0.4649539707970623,True,0.0054012649689922,0.3349217995198524,0.3793112410605362,0.7142330405803887,0.9679383986842768,4.76853251457,-4.629349708599992,-1.690974357179359,-82.54655038380767,4.0703294141846955,-0.0044585579089921005
7.968392268746452e-06,0.0002111184080661,521835.71888231294,4.467955621742182,0.0256459319230975,4.75731754303,4.75647735596,0.0008401870699996,-21.2714747108,20.2204171907,0.95058840374775,12.0,5.0,0.4166666666666667,0.7014266949566325,True,0.0078101191076071,0.4137911348113876,0.5595693201134647,0.9733604549248522,0.958248416348234,4.756897449495,-4.862051010100004,-0.7993764946333384,-89.2423270577109,5.76021709914771,-0.0069699320376075
4.307479349112193e-05,0.0001805126743916,970634.7198754152,1.234168277021274,0.0155326144850718,4.8456120491,4.79020595551,0.0554060935899993,-5.95551135742,5.73019970083,0.9621675380890202,12.0,5.0,0.4166666666666667,0.0697602088577065,True,0.0007473705554618,0.0250962405415439,0.2875023791629603,0.3125986197045043,0.9517850678848654,4.817909002305,-3.641819953900001,1.0908418879934323,7313.470223718395,8.293500467120458,0.054658723034537504
1.3986585705684028e-05,1.1666071492332638e-05,417342.767327081,0.5861487514251217,0.012321429836002,4.83023813546,4.81663745582,0.0136006796400005,-2.82951646415,2.72792177111,0.9640946803712912,12.0,5.0,0.4166666666666667,0.4996687581134854,True,0.0178251522947734,0.0055144420289824,0.0587099860764176,0.0642244281054001,0.9785558897012302,4.82343779564,-3.531244087199994,-1.4778112811067183,-23.699503852270475,7.790559008905974,-0.004224472654772901
2.781351208976737e-05,0.0002415259066305,386248.43747617473,2.7034728461286583,0.0301153961326866,4.78467512131,4.77605724335,0.0086178779599999,-12.9395968356,12.352081107,0.9545955151412756,12.0,5.0,0.4166666666666667,0.2714964972512923,True,0.0030787491344667,0.1649371424426074,0.2506109190183507,0.4155480614609581,0.970175075192539,4.780366182330001,-4.392676353399985,-1.6058503717147634,179.9149129600222,5.450068201837018,0.0055391288255332
3.300360120011609e-05,1.3327751010108915e-05,860250.4097941094,4.150383807116961,0.0126227262186587,4.78807783127,4.78691768646,0.00116014481,-19.9192914364,19.0256826364,0.9551385247385332,12.0,5.0,0.4166666666666667,0.1027307785530379,True,0.0021473356663164,0.2628682423018686,0.8568886490100486,1.1197568913119174,0.9488033338160936,4.787497758864999,-4.250044822700012,0.6677032738659795,-45.97282445412249,0.7655604945601945,-0.0009871908563164
1.0473600159611762e-05,0.0004099774422044,900891.3070400876,4.034612651230594,0.0252254192884809,4.77133560181,4.76894283295,0.00239276886,-19.2920516265,18.3602180263,0.9516985741982976,12.0,5.0,0.4166666666666667,0.3091138126114248,True,0.0031957536337694,0.3340367597971708,0.8723393915442247,1.2063761513413955,0.9435730690432176,4.77013921738,-4.597215652400006,0.861142122604166,-25.126616935807956,7.753542004842084,-0.0008029847737694002
3.9588909762044414e-05,0.0004301914911195,449725.7892818304,1.8995553408800137,0.0345954750069304,4.8516087532,4.7476067543,0.1040019989000002,-9.14605225403,8.75638686276,0.9573952367155673,12.0,5.0,0.4166666666666667,0.1638194500859535,True,0.001744038409192,0.0881507126223699,0.2050269659908273,0.2931776786131973,0.9700562716212994,4.799607753749999,-4.007844925000015,-1.3051856140851654,5863.2860349780685,8.676852019935652,0.1022579604908082
3.777164680043953e-05,0.000453283437921,896316.0099827638,4.574599928964692,0.0258678365189819,4.76926517487,4.74369001389,0.0255751609799999,-21.8009126338,20.7071160881,0.9498279469271308,12.0,5.0,0.4166666666666667,0.086150881289498,True,0.0008880144795935,0.434838870074032,0.9840689173432962,1.418907787417328,0.941589280653436,4.75647759438,-4.870448112400005,0.8749745183990894,2780.0387344705523,3.786333387114735,0.0246871465004064
3.0074519793439347e-05,4.795470041088749e-05,140793.73925634753,4.745891915695544,0.0308049149762752,4.74455508947,4.73151827514,0.0130368143300003,-22.4659160619,21.311269588,0.9486045229262576,12.0,5.0,0.4166666666666667,0.6888184218995493,True,0.0196408283622248,0.515235376233191,0.160366048540139,0.6756014247733301,0.9723171589416092,4.738036682305,-5.239266353899996,-2.438775845647252,-33.62390786391678,1.330357619586723,-0.006604014032224501
2.686247788301684e-05,0.0001670625666417,873819.3136608662,0.7951286199328723,0.0245321338263756,4.84401035309,4.80459070206,0.0394196510300002,-3.86334444647,3.70069375825,0.9578989938708112,12.0,5.0,0.4166666666666667,0.1242564918245468,True,0.0013489616559576,0.0128107879790336,0.166751698786045,0.1795624867650787,0.9567861365628898,4.824300527575,-3.513989448500006,0.11631202265526189,2822.2217589288703,15.681917247042414,0.03807068937404259
3.115734132855694e-05,7.300476748707717e-05,577096.3703769526,1.404318749654044,0.0352908814153827,4.80371665955,4.8028678894,0.0008487701500001,-6.75490620213,6.47996411118,0.9592974228327104,12.0,5.0,0.4166666666666667,0.1622101640234465,True,0.0021033713307819,0.0487742559115485,0.1945025407866357,0.2432767966981843,0.9665132647316508,4.803292274475,-3.934154510500001,-0.7465848801303185,-59.64715608800367,5.450040443024673,-0.0012546011807817998
1.9539942859244964e-05,0.0003855822358675,630482.6704230858,4.819522542869692,0.0184578470647238,4.76885318756,4.76400118649,0.0048520010700006,-23.0279366115,21.8984457194,0.950951276653422,12.0,5.0,0.4166666666666667,0.2367502002218236,True,0.0024892355268634,0.4110002464620225,0.7292701063182585,1.140270352780281,0.954819096762302,4.766427187025,-4.6714562594999975,-0.40508407529713025,94.91932433225551,4.60853459889972,0.0023627655431372
3.897141217040596e-05,6.926739061578333e-05,676406.624961077,3.1448233372935896,0.0388200060680624,4.76492261887,4.76441478729,0.0005078315800002,-15.0021303786,14.2786660352,0.9517758928137302,12.0,5.0,0.4166666666666667,0.1106452571649591,True,0.0014016456264879,0.2588952229952295,0.5105230415226211,0.7694182645178506,0.9533503116945916,4.76466870308,-4.706625938400002,-0.16514589249599732,-63.768903465801664,2.119654575176209,-0.0008938140464876999
2.635333801295037e-05,0.0004662539442505,992132.3948902556,1.8514630620800896,0.0455200291303882,4.81304264069,4.76184988022,0.0511927604700002,-8.97932701514,8.49407112327,0.9459585455511518,12.0,5.0,0.4166666666666667,0.111553072245776,True,0.0011456746196187,0.0993253650532001,0.4408551556397677,0.540180520692968,0.944865450314493,4.787446260455,-4.251074790900002,0.11568792533317433,4368.350751021962,11.359216982981993,0.0500470858503815
1.9135892542219707e-05,4.5676419964099e-05,426085.4025243965,3.598125436572146,0.0387180869750368,4.75279709697,4.75041770935,0.0023793876200004,-17.1192808642,16.2476611917,0.9490854972580806,12.0,5.0,0.4166666666666667,0.3577185148664955,True,0.0058747232324804,0.3386037198654731,0.367946093994027,0.7065498138595001,0.962210882745377,4.7516074031599995,-4.96785193680001,-1.3640861605978891,-59.49787716219296,2.1469175776615854,-0.0034953356124799995
2.4286659516681275e-05,0.0003985611157997,835807.3934109664,4.600684004399087,0.0460445915607644,4.72495889664,4.72074127197,0.0042176246699998,-21.7613746089,20.5221169397,0.9430524178057592,12.0,5.0,0.4166666666666667,0.1436854542990828,True,0.0014907710419698,0.61779369937329,0.9228685693498386,1.5406622687231286,0.9372287686101128,4.722850084305,-5.542998313900007,0.6213690179701485,182.91565580901863,4.402619676034802,0.00272685362803
3.0631581588988325e-05,0.0002561828979833,446363.2056150841,1.093981347567775,0.0087175530060215,4.8680229187,4.7685955519,0.0994273668000005,-5.31816908149,5.0906933182,0.9572266771130435,12.0,5.0,0.4166666666666667,0.2133187299300423,True,0.0023663722294921,0.0163667822456368,0.1171951250840307,0.1335619073296676,0.9761644231836956,4.8183092353,-3.633815293999998,-1.9400160076401693,4101.679074865615,13.217534221762492,0.0970609945705084
7.292485966362783e-06,0.0002560381175841,141397.00981505035,1.985354274173292,0.0076811216048536,4.81310693779,4.80167007446,0.0114368633300001,-9.52646847064,9.17780762047,0.9634008288334182,12.0,5.0,0.4166666666666667,2.828596312836564,True,0.0380523996809146,0.0608327435095843,0.0673735578699919,0.1282063013795762,0.9872494693117564,4.807388506124999,-3.852229877500015,-2.4156650593050095,-69.94443602531504,14.922668825568902,-0.0266155363509145
4.136018478862909e-05,3.913522066461893e-05,838801.1832998442,0.4722392186467801,0.0235143185913328,4.83001041412,4.82502412143,0.0049862926899999,-2.28422613863,2.20129470013,0.9636938580215446,12.0,5.0,0.4166666666666667,0.0840708219383962,True,0.0011608397750269,0.0044267283415179,0.0950675556963631,0.099494284037881,0.959566516390334,4.827517267775001,-3.4496546444999865,0.4301256411839739,329.5418538604394,10.29913168184114,0.003825452914973
3.7747483542730016e-05,0.0003398562683028,413697.2067845071,3.241422519564712,0.0472775973539715,4.76055955887,4.74093723297,0.0196223258999994,-15.3991069629,14.6239166761,0.9496600492049564,12.0,5.0,0.4166666666666667,0.18677390770486,True,0.002033792696068,0.3121283703302283,0.321832186164557,0.6339605564947852,0.9623562850962246,4.7507483959200005,-4.985032081599989,-1.3192864314279142,864.8144541936798,4.62847582080619,0.0175885332039314
2.6195742585461915e-05,0.0002353815711394,425381.7221421649,1.3551956957659514,0.0167197433285337,4.83638685048,4.79267120361,0.0437156468699999,-6.52753468175,6.27987320189,0.9620589561090462,12.0,5.0,0.4166666666666667,0.2617443157763558,True,0.0029442085013798,0.0312568914694416,0.1383541149370967,0.1696110064065383,0.9755800415836456,4.814529027045,-3.709419459099994,-1.3859534736535621,1384.801326044423,11.059585802695619,0.0407714383686201
3.848039626474193e-05,3.729708937079734e-05,596842.0979419223,3.445574085474682,0.0429742554672568,4.75216531754,4.7511382103,0.0010271072400005,-16.3903728526,15.5586440585,0.9492550412623432,12.0,5.0,0.4166666666666667,0.1269953485417373,True,0.0019830748337283,0.3313362858116311,0.4935512797893671,0.8248875656009982,0.9543068396572968,4.75165176392,-4.9669647216,-0.5293683525068084,-48.20632975965529,1.4286508854916882,-0.0009559675937278001
4.734452560503118e-06,0.0003070025559298,743296.845774879,1.4053884422596876,0.0262722825987898,4.81058645248,4.80996829808,0.0006181543999996,-6.77683932038,6.50380725098,0.9597110014724844,12.0,5.0,0.4166666666666667,0.8288095358536135,True,0.0087421001864252,0.0425714160805363,0.2507089910928231,0.2932804071733594,0.9599355890580024,4.81027737528,-3.7944524943999984,-0.023396109913822558,-92.92899432839404,28.64901782756496,-0.0081239457864256
3.684859178167724e-05,0.0004122769261078,334948.1707854506,4.306468694687325,0.0294002246112301,4.76090955734,4.73608748555,0.02482207179,-20.5134301708,19.4388750401,0.9476169942446008,12.0,5.0,0.4166666666666667,0.2363133694441865,True,0.0025770439792079,0.4127464959450714,0.3461865148392784,0.7589330107843498,0.9659538110649892,4.748498521445,-5.030029571100005,-1.8983119700280118,863.1993862064203,3.8835846584741294,0.0222450278107921
1.6776280805397127e-05,4.677916008571596e-05,599389.879206424,0.5404699298640177,0.0139007004381159,4.82730865479,4.82459115982,0.0027174949700006,-2.6106343886,2.51750213701,0.9643258159791792,12.0,5.0,0.4166666666666667,0.2900559013909678,True,0.0041936524094214,0.0047236713742645,0.0777485294342155,0.0824722008084801,0.9703851071102904,4.8259499073050005,-3.48100185389999,-0.6244212825107246,-35.19980425903888,15.448162697816871,-0.0014761574394208006
9.49427375904512e-06,0.0002082657846078,478127.0658112956,2.0022438603691666,0.0481989342307453,4.77979152024,4.77886009216,0.0009314280799994,-9.57881970826,9.14706572184,0.954926180931489,12.0,5.0,0.4166666666666667,0.6425127042827412,True,0.0072316755219206,0.1216366237123792,0.2297584756792778,0.3513950993916571,0.96609011145395,4.7793258062,-4.413483875999997,-1.155578593559919,-87.12016216468697,11.695832017961722,-0.0063002474419212
3.474598205740234e-05,0.0003956194830306,409359.9413104003,1.0008766453569171,0.0400499224786481,4.85726690292,4.74592031538,0.1113465875399999,-4.97196842854,4.61924902912,0.9290583992055688,12.0,5.0,0.4166666666666667,0.2050580700290016,True,0.0022088526184416,0.0268277937910954,0.0983325131525418,0.1251603069436373,0.9756001082512172,4.80159360915,-3.968127816999996,-4.770572353571733,4940.924261327932,16.85683317883511,0.1091377349215583
1.979575605030336e-05,8.637793648467402e-05,542795.3175312001,3.683417989201386,0.0148574701067973,4.7860994339,4.7853314811,0.0007679527999995,-17.6443001937,16.8724494853,0.9562549548621035,12.0,5.0,0.4166666666666667,0.27144297878323,True,0.0034381150165259,0.2197666501082533,0.4798420888916883,0.6996087389999416,0.9634032658814338,4.7857154575,-4.285690849999995,-0.7419853422222015,-77.66355121023581,2.835530775946493,-0.0026701622165264
3.3971600280694725e-06,0.0003899144197338,837788.6555195217,3.695383167612405,0.0135598166306158,4.79180383682,4.7910027504,0.00080108642,-17.7411558478,16.9672916197,0.9563802812658362,12.0,5.0,0.4166666666666667,1.0247933949241923,True,0.0106400752263018,0.2150827459682346,0.7430280229496324,0.9581107689178672,0.9507018545282686,4.791403293609999,-4.171934127800014,0.5972878574414027,-92.47104552400391,14.495632618560451,-0.009838988806301801
3.912903660455712e-05,0.0002133335625086,528557.110409364,4.050556444130511,0.0393000437689099,4.74281549454,4.74172782898,0.00108766556,-19.230937723,18.2194789839,0.9474046063863903,12.0,5.0,0.4166666666666667,0.141024875010211,True,0.001566583178882,0.4327788344454497,0.5138280983183163,0.946606932763766,0.9553474429893551,4.74227166176,-5.154566764799995,-0.8314081605861692,-30.570838838176602,2.8822744450769004,-0.00047891761888200005
1.1163609922876236e-05,0.0001295071988003,669242.4366828576,1.0726019732544427,0.0140636349482733,4.82322406769,4.8181631577,0.00506090999,-5.18100001017,4.98509051516,0.962186934061872,12.0,5.0,0.4166666666666667,0.3903899900903668,True,0.0044669296012194,0.0184477842065896,0.1722793819611946,0.1907271661677843,0.9656578687370818,4.820693612695,-3.5861277461000007,-0.3594373108303118,13.297285648254958,15.877277711069862,0.0005939803887805998
3.085304430533936e-05,0.0003805442902317,482329.0596696741,4.331887901634274,0.0266710727980611,4.76120767534,4.75003242493,0.01117525041,-20.619298262,19.5956834041,0.9503564648566896,12.0,5.0,0.4166666666666667,0.1959951601409464,True,0.0020934286889113,0.3962573738738427,0.5014549003655273,0.8977122742393701,0.9602027648304704,4.755620050135,-4.887598997300007,-1.0254396607074194,433.82522505754685,4.0536513083102514,0.0090818217210887
8.353887304857052e-06,0.0004159899645246,694195.6690766873,4.81456225881123,0.0097025019062913,4.78442668915,4.78267478943,0.0017518997200003,-23.0608387333,22.0329830318,0.955428520471991,12.0,5.0,0.4166666666666667,0.5029401258710869,True,0.0052471028209514,0.3258061415770157,0.802139584456039,1.1279457260330548,0.9552415935309446,4.78355073929,-4.328985214200003,0.019568551276691055,-66.6120565999763,7.328419437636157,-0.0034952031009510996
4.133090795426974e-05,0.0004580447057445,739734.9541868329,1.799872550632769,0.0271946434326732,4.87295198441,4.71275305748,0.1601989269300006,-8.80238129041,8.2847444684,0.9411935469582584,12.0,5.0,0.4166666666666667,0.0953972184150219,True,0.0009891656239203,0.0691191590970872,0.3195428733082726,0.3886620324053598,0.9586002336718592,4.792852520945,-4.142949581100002,-1.8158441967957333,16095.359306472252,9.247933784938239,0.1592097613060803
2.907270540717341e-05,0.0001680911563213,856950.2657620816,4.657707207662077,0.0275745527860336,4.75470543146,4.75438499451,0.00032043695,-22.1933276578,21.0581963566,0.9488525867457712,12.0,5.0,0.4166666666666667,0.1170700308722186,True,0.0012722913152823,0.4662206025638363,0.9579416230675152,1.4241622256313515,0.9423712372311304,4.754545212985,-4.909095740300007,0.6877703031009645,-74.8141839725676,2.581234900044295,-0.0009518543652823001
2.8128988844190013e-06,1.7996488713391765e-05,874157.1558407625,2.8771661257040955,0.0204845574468539,4.79792577863,4.78819465637,0.0097311222599998,-13.8196388581,13.221183552,0.956695300633762,12.0,5.0,0.4166666666666667,1.1861596883298868,True,0.0212864779392992,0.1556094437137048,0.6036228857584507,0.7592323294721556,0.9498693183661228,4.7930602175,-4.138795650000002,0.7186233027697557,-54.284958330123025,4.395637751456727,-0.0115553556792994
2.806925445177416e-05,0.0004661817623593,349145.6444735612,0.751976383945809,0.0151156104766715,4.88439559937,4.74592018127,0.1384754181000005,-3.65952220506,3.47417455268,0.9493519530708896,12.0,5.0,0.4166666666666667,0.2976112145083698,True,0.0032046706555985,0.0093363994242072,0.0630118270083978,0.072348226432605,0.9811211165109516,4.81515789032,-3.696842193599999,-3.2380470571298074,4221.04989815682,27.097423795390398,0.13527074744440198
2.7610473311952865e-05,0.0003535855752243,102200.507600591,3.7976759937641895,0.0070296279518083,4.80256080627,4.78211215198,0.0204486542899999,-18.1735662535,17.4434930788,0.9598277429693032,12.0,5.0,0.4166666666666667,1.0336175957165,True,0.0139115568485942,0.1876177156723591,0.0931498594236669,0.2807675750960261,0.9854291647071508,4.792336479125,-4.1532704175000035,-2.597997162531296,46.990408856118,4.711535187377823,0.006537097441405699
2.87623617344316e-05,2.125835471623446e-05,404255.30987563456,3.765141341384695,0.0116445456170217,4.7897439003,4.78596687317,0.0037770271300008,-18.0610475473,17.2627781639,0.9558016011358468,12.0,5.0,0.4166666666666667,0.2508456194530507,True,0.006157097344314,0.2106226241968937,0.3652988111248877,0.5759214353217814,0.9703158193168456,4.787855386735,-4.2428922653,-1.4958241319014707,-38.655718453293,1.141671797872143,-0.0023800702143132
2.7025353114612955e-05,1.6807179072964563e-05,703674.9417444118,2.016547836831017,0.008453666420957,4.81464577454,4.81286621094,0.0017795635999995,-9.72723757376,9.34570611286,0.960776997785146,12.0,5.0,0.4166666666666667,0.1533710303878178,True,0.0031547230701927,0.0550147170090756,0.3405586035856525,0.3955733205947281,0.9622483753547706,4.81375599274,-3.7248801452000007,-0.15291037192783877,-43.59049715603726,1.9553441237042708,-0.0013751594701932
1.3471354970991584e-05,0.0002176035514574,150699.12630024654,4.314616487095639,0.0344568259408027,4.74285750568,4.73724137425,0.00561613143,-20.5040776379,19.3896148399,0.9456467724283284,12.0,5.0,0.4166666666666667,1.436695673414321,True,0.0198433935749483,0.4576176509445487,0.1560501443822284,0.6136677953267772,0.9723407984971708,4.740049439965,-5.199011200699992,-2.745336420121436,-71.69772695991777,4.657524576484814,-0.0142272621449483
2.3399562062627503e-05,0.0001285552729399,704702.1372964946,1.4668861849779506,0.0308566038013764,4.80773591995,4.80385820508,0.0038777148699997,-7.06573546997,6.77613066856,0.9590127874669456,12.0,5.0,0.4166666666666667,0.1768778620564168,True,0.0020128337892923,0.0492420813241588,0.2480922791339191,0.2973343604580779,0.961039897148183,4.8057970625149995,-3.8840587497000105,-0.21092877488777828,92.64953175110801,7.989409259587867,0.0018648810807074
4.53512007410661e-05,0.0002441933327567,746229.4482791915,2.896207881050751,0.0111205838936391,4.81022024155,4.79001426697,0.0202059745799996,-13.9479829168,13.3512437666,0.9572168138031456,12.0,5.0,0.4166666666666667,0.0861837971514532,True,0.0009209572944948,0.1227557924539606,0.5186965462028036,0.6414523386567642,0.9575828937770746,4.80011725426,-3.9976549148000013,-0.03822958579440075,2094.0186261387703,4.006016920835904,0.0192850172855048
2.5963422249592447e-05,0.0003717112741071,307559.81850602553,4.302675114333616,0.04788201945178,4.72306585312,4.7182765007,0.0047893524199995,-20.3149860913,19.1750946077,0.9438891329545056,12.0,5.0,0.4166666666666667,0.3652542398599576,True,0.0040519073511386,0.5548133012117498,0.3175991945411615,0.8724124957529114,0.96102828754005,4.72067117691,-5.586576461800004,-1.7834183247004705,18.199948936484805,4.396968438049235,0.0007374450688608994
8.979966699930029e-06,0.0002134439034297,197329.2653998828,2.7848989060157243,0.0377159141317898,4.7699457866,4.7648563534,0.0050894332000002,-13.2860301959,12.6594912765,0.9528422779293888,12.0,5.0,0.4166666666666667,1.6459649124174645,True,0.0213445452395006,0.2052421515153341,0.1318900932808848,0.3371322447962189,0.97636088434244,4.76740107,-4.6519786,-2.408802604673217,-76.1558133804528,8.75316437203859,-0.016255112039500398
1.853868300437927e-05,0.0001288203050392,264276.4780718753,2.0537596092707058,0.040482173201811,4.7828707695,4.78039646149,0.00247430801,-9.84243601266,9.39151301542,0.9541858340089796,12.0,5.0,0.4166666666666667,0.5953185419097694,True,0.0081390164582234,0.1141189975415518,0.1302624855226399,0.2443814830641917,0.9767547503226433,4.781633615495,-4.367327690099998,-2.31060215537305,-69.5994224523279,6.417606998771044,-0.0056647084482234
6.583477348828942e-06,0.0003126637411769,666612.7529175202,1.7098506133773093,0.0416118212371491,4.79421234131,4.79340648651,0.0008058547999993,-8.2050920604,7.85864569312,0.957776662988092,12.0,5.0,0.4166666666666667,0.6645961709539597,True,0.0070445428172572,0.0809320846986479,0.2735539738706781,0.3544860585693261,0.9601868323437456,4.79380941391,-4.123811721799999,-0.25101045697226215,-88.56058056705714,20.152221270909543,-0.0062386880172579
4.130428336974671e-06,2.168775949316724e-05,658879.2873029667,1.0175155759617809,0.0347177352644236,4.81695221186,4.80714559555,0.0098066163100005,-4.90680660293,4.71229129105,0.960358064293007,12.0,5.0,0.4166666666666667,1.0717311447395843,True,0.0200923987562999,0.0276720845041253,0.1609007850022478,0.1885728695063732,0.9642593855888508,4.812048903705,-3.759021925900008,-0.4045925146439115,-51.19240649688146,11.26000897680879,-0.010285782446299399
4.187270279967095e-05,8.016171272682455e-05,973789.5789196632,4.573047807136208,0.0096099053901065,4.78990411758,4.7896270752,0.0002770423799995,-21.9534444695,20.9828514445,0.95578857676077,12.0,5.0,0.4166666666666667,0.0715304045167042,True,0.0008298470531337,0.2928710107022485,1.068764711637758,1.3616357223400064,0.9437964766012918,4.78976559639,-4.204688072200007,1.2706235355595885,-66.61524808055628,1.5128025897663435,-0.0005528046731342
4.1168896479970976e-05,0.0002307311699852,762834.2423774088,1.9845699279446816,0.040039207718064,4.80366373062,4.77975749969,0.0239062309300006,-9.52285985671,9.11316425094,0.9569776714207004,12.0,5.0,0.4166666666666667,0.0928725548281499,True,0.0009946825579941,0.1051106621949084,0.3633354953828808,0.4684461575777893,0.9549193703349824,4.791710615155,-4.165787696900001,0.21554710791927734,2303.403049331685,5.964473580642012,0.022911548372006502
4.1723338684280986e-05,0.0004655008849099,766364.4687178447,1.1227478650093723,0.0408419937935715,4.895570755,4.7396607399,0.1559100150999999,-5.37346150582,5.21385492379,0.9702972503186018,12.0,5.0,0.4166666666666667,0.0912162857027044,True,0.0009441243107868,0.0340759843913487,0.2065041770572805,0.2405801614486292,0.958905529156106,4.81761574745,-3.647685051000007,1.1879920196644558,16413.71681871744,14.875052092083413,0.1549658907892131
3.708914445054756e-05,0.000322774460781,271541.01497889194,2.963594745695237,0.0190859512517119,4.80484074354,4.77050542831,0.0343353152299998,-14.1558120768,13.5739944818,0.9588990308826194,12.0,5.0,0.4166666666666667,0.2896039932471315,True,0.0033090683730695,0.1578001964283691,0.1931370060557269,0.3509372024840961,0.9768647067623148,4.787673085925,-4.246538281499994,-1.8391160777258737,937.6127465190538,4.977111413861361,0.0310262468569303
5.2623600851586405e-06,4.658107646688282e-05,385829.2336553413,2.040085410084744,0.0139909255206772,4.8098524791,4.79945113182,0.0104013472800001,-9.80719994916,9.42049431644,0.9605692109139548,12.0,5.0,0.4166666666666667,1.4365181115263217,True,0.0243563538612358,0.0686039157556634,0.1889099016874654,0.2575138174431289,0.9753762408205644,4.80465180546,-3.906963890800004,-1.518083923610113,-57.29513810129726,7.291823260987751,-0.0139550065812357
1.297638121827478e-05,0.000260812752616,604153.5712696398,4.188750357199471,0.0176730709164025,4.77592802048,4.77518320084,0.0007448196400003,-20.0278029252,19.105933954,0.9539705391228882,12.0,5.0,0.4166666666666667,0.3720367617569845,True,0.0040155019267223,0.3048587223153577,0.6073556369901695,0.9122143593055272,0.9582624555125616,4.77555561066,-4.4888877868000066,-0.44788527036444553,-81.45139378358441,5.351470552263493,-0.003270682286722
3.634497203222173e-05,0.0001982496515578,916406.165381285,4.507968972200951,0.0112653968170842,4.7867732048,4.78637123108,0.0004019737199998,-21.6167757198,20.6562459989,0.9555655416260715,12.0,5.0,0.4166666666666667,0.087569819984212,True,0.0009359491686975,0.2986159673915425,0.9914713342733968,1.2900873016649392,0.9458627371299906,4.78657221794,-4.2685556412000025,1.0258152811392018,-57.05175735566912,2.590437586761876,-0.0005339754486977
4.768151411298794e-06,0.0003746855537096,337765.16783415497,2.805037941171444,0.0119717087819283,4.79848889112,4.79614890814,0.0023399829799997,-13.475896581,12.9111686081,0.9580934767860846,12.0,5.0,0.4166666666666667,1.811014383925993,True,0.0198988957187517,0.1220273114651158,0.2273865866354269,0.3494138981005427,0.9756922759244409,4.79731889963,-4.053622007400008,-1.8037243475850933,-88.24063901297488,15.801187258935238,-0.017558912738752
5.199560195848434e-06,8.000570175109693e-05,376544.3440282096,2.334065952657605,0.036599442953315,4.78379839838,4.77710102856,0.0066973698200003,-11.1763730242,10.6684359965,0.9545526060556342,12.0,5.0,0.4166666666666667,1.4897179793920043,True,0.0210784396988338,0.1422269475599527,0.2109310399348887,0.3531579874948414,0.9706276585617308,4.78044971347,-4.391005730599993,-1.6561502615654433,-68.22644410263989,8.402993836726528,-0.0143810698788335
4.15833766772534e-05,0.000299157935901,834433.5848924908,1.046355137795579,0.0361277788179425,4.85974645615,4.754570961,0.1051754951500001,-4.97725038601,4.82779406802,0.9699721118290352,12.0,5.0,0.4166666666666667,0.0840572679733431,True,0.0008826640418199,0.0274445198415558,0.2095473284883459,0.2369918483299017,0.956664486703238,4.807158708575,-3.856825828500003,1.3910441236986448,11815.688208295705,12.816849394225466,0.1042928311081802
3.715403571259824e-05,0.000304251775058,720539.211960603,2.515560677483497,0.0240439089740716,4.80771255493,4.77393531799,0.0337772369399997,-12.0613507746,11.5462539253,0.957293601775952,12.0,5.0,0.4166666666666667,0.1089489838150689,True,0.0011516114128501,0.1266964858353203,0.4350144259663294,0.5617109118016498,0.9572502530146773,4.790823936460001,-4.183521270799986,0.0045284669435443235,2833.041177180165,5.687858323793901,0.0326256255271496
2.173362581454147e-06,0.0001105862773792,764533.2565092102,3.6700171268879047,0.0255357925706252,4.77508224964,4.77182340622,0.0032588434199993,-17.5626651689,16.7253137828,0.9523220776546611,12.0,5.0,0.4166666666666667,1.7553278004564117,True,0.0201484767568716,0.2832991265651563,0.6734040349114044,0.9567031614765608,0.9504473182159152,4.77345282793,-4.530943441400002,0.19725022132368614,-83.8258571140477,9.718213591804579,-0.0168896333368723
9.727863013728962e-06,0.0001965881527204,703961.9595144714,0.7113865027464491,0.0253457570112999,4.82452344894,4.81931447983,0.0052089691099999,-3.43749334006,3.30800516657,0.9623306401845304,12.0,5.0,0.4166666666666667,0.4259122785938565,True,0.004643824073845,0.0107159971454603,0.1201893687469289,0.1309053658923892,0.9645034922452412,4.8219189643850005,-3.5616207122999914,-0.22528192776707376,12.169820113081292,31.5961619418903,0.0005651450361548998
2.492904698278418e-05,4.1488366467257934e-05,430190.840317312,4.203078948837889,0.0070169685993012,4.79210472107,4.79008340836,0.0020213127100001,-20.1500362003,19.2963170809,0.9576318816048932,12.0,5.0,0.4166666666666667,0.271969349875328,True,0.0046244632317338,0.2283887517187546,0.4339502555809382,0.6623390072996929,0.9694461139299584,4.791094064715001,-4.178118705699987,-1.2186579692575614,-56.290868610879386,1.5346621652739971,-0.0026031505217337003
4.541754472420872e-05,0.0001386669701853,999719.1538636246,0.2634053687909665,0.015886368404182,4.89083528519,4.77191019058,0.1189250946099997,-1.26561843349,1.23061864145,0.9723456998461324,12.0,5.0,0.4166666666666667,0.064236982625602,True,0.0007002919005576,0.0011588029416296,0.0631995341786018,0.0643583371202314,0.9534102884539818,4.831372737884999,-3.372545242300014,1.9860716442294357,16882.217631719977,33.16805987322077,0.11822480270944209
2.3521775857395474e-06,0.0004436035934245,522042.3669248896,3.6327761960687375,0.014414095132882,4.78802394867,4.78626537323,0.0017585754400002,-17.4213287278,16.6502806218,0.9557411424784378,12.0,5.0,0.4166666666666667,2.3752588287524725,True,0.0250346831161382,0.2187557461087676,0.455151140136989,0.6739068862457567,0.9642257949278116,4.78714466095,-4.257106780999997,-0.8799445621561094,-92.97544358024422,18.901394010459093,-0.023276107676137997
4.663035399416837e-05,6.642288008525456e-05,926205.3084064788,1.1048604807990818,0.0184927096202028,4.82224655151,4.82032823563,0.0019183158800002,-5.33851036726,5.13628164612,0.9621188857513086,12.0,5.0,0.4166666666666667,0.0675321878940369,True,0.0008125350700869,0.0216198786831895,0.2455986341675145,0.2672185128507041,0.9538603906145912,4.82128739357,-3.5742521286000084,0.8657970514318433,136.09022559420572,5.40116021081152,0.0011057808099132998
3.0032243634570106e-05,0.0002037156507274,739641.5074036528,2.647272101324531,0.0439964102829247,4.7727355957,4.76887559891,0.0038599967900001,-12.6538084578,12.0524317987,0.952474651318963,12.0,5.0,0.4166666666666667,0.1313039359979368,True,0.0014219680014459,0.1985916277899101,0.4699277586075147,0.6685193863974248,0.9519219589424138,4.770805597305,-4.583888053899994,0.05806068148309592,171.45454652109885,4.919146198034291,0.0024380287885542003
8.851128310242047e-06,0.0003948282620996,510794.2147132564,1.975986587789324,0.0383976983279867,4.78904056549,4.78724098206,0.0017995834299995,-9.46920240995,9.06016857743,0.9568037713408472,12.0,5.0,0.4166666666666667,0.6451225043128466,True,0.0068510758741823,0.1024155499895639,0.2422374041745059,0.3446529541640698,0.9662917444513526,4.788140773775,-4.237184524500002,-0.9818952883523354,-73.7328346226455,16.90015974634254,-0.0050514924441828
3.240161909741298e-05,3.425876892327145e-05,502797.4745490688,2.721808106596592,0.0243223524407066,4.7875919342,4.78624677658,0.0013451576200003,-13.0385805653,12.4740254864,0.956701185679485,12.0,5.0,0.4166666666666667,0.1790304891967883,True,0.0030894934020193,0.1492135926774244,0.3284443781289478,0.4776579708063722,0.9660915600147272,4.786919355389999,-4.261612892200013,-0.9719963121403317,-56.460252702883196,1.8889263341795068,-0.0017443357820189998
1.4847131585472804e-05,3.377738006579683e-05,475407.5658172034,4.954641273583673,0.0176986011986152,4.76531592906,4.76201152802,0.0033044010399994,-23.6137525162,22.4875171873,0.9523059569576094,12.0,5.0,0.4166666666666667,0.4132169727958751,True,0.0073487627480226,0.4267625821415098,0.5653137473692469,0.9920763295107566,0.9614956163624884,4.76366372854,-4.726725429199998,-0.955767166120327,-55.03459353224397,1.5221220933794304,-0.0040443617080232
1.34838861108878e-05,0.0003922411610191,245592.8186619419,4.915108731054791,0.0118384313715503,4.77538824081,4.77085018158,0.0045380592299997,-23.4251983684,22.3936329998,0.955963430815956,12.0,5.0,0.4166666666666667,0.8807569099330913,True,0.0099504401785004,0.3617133789446647,0.28970769774952,0.6514210766941848,0.974177588004922,4.7731192111950005,-4.53761577609999,-1.869695773464457,-54.3933821158491,5.486633106564368,-0.0054123809485006995
3.376346510321555e-05,6.905313018416625e-05,158346.10237707093,0.5915410795342999,0.015613386138985,4.82714006424,4.81070320308,0.0164368611599998,-2.84883313081,2.74756679703,0.9644533992936234,12.0,5.0,0.4166666666666667,0.5455472979432715,True,0.011692127317445,0.0061850140918592,0.0224803738416435,0.0286653879335027,0.9904012629403968,4.8189216336600005,-3.6215673267999904,-2.6199344263492663,40.58058652402388,12.087967232775913,0.0047447338425547995
3.42627749619874e-05,0.0001487442143938,405506.9736632117,2.49238132911576,0.0175774736769541,4.79709486842,4.79533576965,0.00175909877,-11.9791154169,11.4671891307,0.9572651011043954,12.0,5.0,0.4166666666666667,0.2099258581213377,True,0.0025343069459287,0.1076793698799547,0.242562722396262,0.3502420922762168,0.972663282370319,4.796215319035,-4.075693619299994,-1.5830947404942768,-30.588566912703786,4.179884576769153,-0.0007752081759287001
3.7457117745944767e-05,0.0002118382105445,735014.4716263922,3.1369174518580665,0.044999228481942,4.75963449478,4.75558273517,0.0040517596100002,-14.9561132858,14.2035258126,0.9496802773007516,12.0,5.0,0.4166666666666667,0.1059391666121515,True,0.0011444401108356,0.282930944206933,0.5533631336191357,0.8362940778260688,0.949379572387145,4.757608614975,-4.847827700499998,0.03167383440223639,254.03858809543584,3.790546995792843,0.0029073194991645996
3.099632953576998e-05,0.0002912979272315,943170.3380379274,0.9891711176802904,0.0367476272472797,4.85624074936,4.78239679337,0.0738439559900001,-4.69468295665,4.58900484791,0.9774898305773114,12.0,5.0,0.4166666666666667,0.0997668809222367,True,0.0010430597181527,0.0247872834415578,0.2239096457855697,0.2486969292271276,0.9521235123943528,4.819318771365,-3.613624572699994,2.6641835699623355,6979.552081714043,15.495733536535441,0.0728008962718474
1.1769963767475828e-05,9.346488016826164e-05,436959.5246620788,3.399353910836109,0.0096683972652678,4.7958817482,4.79404329658,0.0018384516200002,-16.3190537256,15.6316767551,0.9578788707937336,12.0,5.0,0.4166666666666667,0.5671141220218331,True,0.0074069057573191,0.1624838051000183,0.35649121656891,0.5189750216689284,0.9703709414451906,4.79496252239,-4.100749552200007,-1.2873500347045033,-75.17922219837153,4.144864010347255,-0.0055684541373189
1.9629514087892147e-05,1.2800737129537586e-05,596683.6561808737,3.053003582539469,0.0224949573514314,4.78724532008,4.78304386139,0.0042014586899998,-14.6391389967,13.9819938673,0.955110397575422,12.0,5.0,0.4166666666666667,0.249019356756758,True,0.0065655349882696,0.1806716246604057,0.4372025615911096,0.6178741862515154,0.9610981310958848,4.785144590735,-4.297108185299994,-0.6230095894198974,-36.00736729746484,1.3225296137794795,-0.0023640762982698
2.3036064660514103e-05,8.275225614203611e-05,131866.24047988708,4.852392589882045,0.0304474809667427,4.74226617813,4.73102140427,0.0112447738600005,-22.9792796288,21.7762937439,0.9476491036998264,12.0,5.0,0.4166666666666667,0.9601628197327592,True,0.0206003300639222,0.5359115798231269,0.1535680243584498,0.6894796041815767,0.9723671445969232,4.736643791200001,-5.267124175999989,-2.5420481383442097,-45.414593722001996,1.9529892402961202,-0.009355556203921702
2.393665053777647e-05,0.0003879629715422,241754.222121029,2.807093363914565,0.0461191660692738,4.76602172852,4.75306558609,0.0129561424300002,-13.3821962589,12.7172266495,0.950309381469596,12.0,5.0,0.4166666666666667,0.5040218352405184,True,0.0057119487778335,0.2308364722811447,0.1628704014274244,0.3937068737085691,0.972714523916786,4.7595436573050005,-4.80912685389999,-2.303362589567622,126.82525586152697,7.170948370671406,0.0072441936521667
3.670365700792175e-05,0.0001845972494493,676201.8707244856,4.288478677582438,0.0433159591099564,4.7325630188,4.73236227036,0.0002007484399992,-20.3233070107,19.2090877199,0.9451752960178492,12.0,5.0,0.4166666666666667,0.1175171072709403,True,0.0012928529294882,0.5158702492574339,0.6959705530423951,1.2118408022998288,0.9465070947830398,4.73246264458,-5.3507471084,-0.14070668593307328,-84.4724457499841,2.614717015791611,-0.001092104489489
3.827690511496664e-05,6.735617405030573e-05,207727.5880812322,3.7204640631886137,0.0051952087612537,4.79703785002,4.79365775704,0.0033800929799996,-17.8737530507,17.1111446266,0.9573336152772832,12.0,5.0,0.4166666666666667,0.366822362988205,True,0.0069453578437472,0.1685179815748491,0.1854823263333772,0.3540003079082264,0.9813254737070224,4.7953478035299995,-4.093043929400011,-2.444842111262874,-51.33306222597809,1.782761258769241,-0.0035652648637475998
3.485421412284583e-05,0.0001632535511637,598034.3018709563,3.6351192546560096,0.0197025234658885,4.78035449982,4.77986860275,0.0004858970699999,-17.4026987936,16.6119577497,0.9545621599684986,12.0,5.0,0.4166666666666667,0.1399282518881356,True,0.0015784365933598,0.2406501971502243,0.5217422413622107,0.762392438512435,0.9597426923146436,4.780111551285,-4.397768974300007,-0.5397834635917834,-69.21656073839254,2.9768367077448685,-0.0010925395233599001
1.3784624374588724e-05,0.0002827433651273,213528.60254237807,1.3362209383292916,0.0053024030774597,4.83217869699,4.80204153061,0.0301371663799994,-6.42560090603,6.20109542526,0.965060780454118,12.0,5.0,0.4166666666666667,0.9909136347770195,True,0.0119607582981027,0.0227986396687586,0.0684771335158365,0.0912757731845952,0.9865223500571786,4.8171101138,-3.657797723999998,-2.1754772815655574,151.9670210606962,16.946908112923857,0.0181764080818967
3.404219930031036e-05,0.0002944645566081,904670.7539294783,3.930670594316068,0.0438186936852736,4.74511384964,4.74094963074,0.0041642188999997,-18.687584978,17.6839988049,0.946296636281174,12.0,5.0,0.4166666666666667,0.0947062493521976,True,0.0009915015747837,0.436608802739141,0.8534310552020036,1.2900398579411445,0.9384034922879008,4.74303174019,-5.139365196199996,0.8411247462463224,319.9911534087216,3.741201188864872,0.0031727173252159998
3.865029871904618e-05,0.0003942103869948,804159.7728299585,1.5311882704058457,0.0170949492241153,4.90008115768,4.74627590179,0.15380525589,-7.30548768301,7.1376147127,0.9770209768883172,12.0,5.0,0.4166666666666667,0.093840777902229,True,0.0009754102907351,0.0401578364467499,0.2955168028054708,0.3356746392522207,0.9579966505374596,4.823178529734999,-3.5364294053000123,1.9858447668041936,15668.262581491475,10.428672159639033,0.15282984559926488
3.3420574407810435e-05,0.000167120094634,626834.810166492,3.20297736258149,0.0365041523064476,4.76578807831,4.76505851746,0.0007295608499999,-15.2805175239,14.5471698656,0.952007668774766,12.0,5.0,0.4166666666666667,0.1392258192527319,True,0.0015583881737463,0.2586723764138626,0.4818570496899215,0.740529426103784,0.9558035792402682,4.765423297885,-4.691534042299992,-0.397143361664269,-53.18490846564459,3.490788339230075,-0.0008288273237464001
3.607481301599636e-05,5.152553402103663e-05,626085.5487513545,2.492087226008864,0.007968129886905,4.8088145256,4.80798149109,0.0008330345100002,-12.0031857181,11.5236259403,0.9600472916888344,12.0,5.0,0.4166666666666667,0.1291365055075626,True,0.0017917484183832,0.0827426900516252,0.3744623516236801,0.4572050416753053,0.9646061509529884,4.808398008345,-3.8320398331000054,-0.4726135386603175,-53.50717201961332,2.3978166508904826,-0.0009587139083829999
1.4747080586649383e-05,0.0004067122647677,436026.6904240751,2.9645642592553694,0.040106878967884,4.76571608603,4.76212978363,0.0035863024000004,-14.1389543685,13.457211586,0.9517826591180713,12.0,5.0,0.4166666666666667,0.4535943855285414,True,0.0048556694027904,0.2352131313312354,0.3102309942030284,0.5454441255342639,0.9645084132422548,4.76392293483,-4.721541303399999,-1.3194031228203722,-26.141956906302866,8.857267145447478,-0.00126936700279
2.4995412812645223e-05,0.0001019650236217,671613.7157513188,3.34828879799443,0.0461716036269714,4.75040912628,4.75007009506,0.0003390312200002,-15.920365908,15.1107457475,0.9491456311256536,12.0,5.0,0.4166666666666667,0.1737428446336407,True,0.0020545648959266,0.3278637608471644,0.5397016034470934,0.8675653642942578,0.9507317335779564,4.7502396106700004,-4.995207786599991,-0.16682965302248162,-83.49863658858541,3.01607786707327,-0.0017155336759264
1.2410259592683671e-05,0.0001326307955966,509901.3508328795,3.2504593129619,0.0380965509774444,4.76177024841,4.76064014435,0.0011301040600004,-15.4992443987,14.736964249,0.9508182379675272,12.0,5.0,0.4166666666666667,0.4609138620746376,True,0.005461059467195,0.2738248118079656,0.3977792626815807,0.6716040744895463,0.9603162362623416,4.761205196380001,-4.775896072399988,-0.9890490169969146,-79.30613891335516,5.028715018993918,-0.004330955407194599
1.3749764025001888e-05,0.0002480134485923,913341.5470751204,4.77483429545114,0.026348028703939,4.75545501709,4.75529575348,0.0001592636099996,-22.7511051741,21.5952965585,0.949197693617285,12.0,5.0,0.4166666666666667,0.2322513995434041,True,0.0024506761818559,0.4783804858579249,1.0466530901843247,1.5250335760422495,0.939957428870624,4.755375385285,-4.892492294299995,0.9830514088029935,-93.5012380999684,4.447353930666117,-0.0022914125718562998
5.358491633214888e-06,0.0003745668690379,467893.8248789103,3.837092815783437,0.0263948623554173,4.76602220535,4.76507456064,0.00094764471,-18.3128792793,17.4285419082,0.9517095396298708,12.0,5.0,0.4166666666666667,1.1633139280598677,True,0.0124628568119002,0.3115254212556986,0.4308844881581521,0.7424099094138508,0.9627451523504928,4.765548382995,-4.689032340099999,-1.1462652077425841,-92.39624811307196,10.894595288454203,-0.011515212101900199
4.338915862310114e-06,0.0003260840972765,288690.5860372782,1.3293081417510313,0.0333188110864134,4.80392905653,4.80040073395,0.0035283225800002,-6.40408248003,6.13103569806,0.9573636375200588,12.0,5.0,0.4166666666666667,2.328482335192852,True,0.0263766897476311,0.0529931347863263,0.0921020991518953,0.1450952339382216,0.97863618792843,4.802164895240001,-3.956702095199986,-2.17369341853184,-86.62333062352117,32.6075774840789,-0.0228483671676309
3.821354118960888e-05,0.000317298353865,771768.9733655442,2.804702411195598,0.023978803608093,4.81122699558,4.77284089744,0.0383860981400001,-13.4100693002,12.8648193993,0.9593402622541356,12.0,5.0,0.4166666666666667,0.0988967906377844,True,0.0010394499673671,0.1572739317524177,0.5194997521162303,0.6767736838686481,0.9539618687795854,4.79203394651,-4.159321069799997,0.5637954357054963,3592.924079571728,5.136987199033359,0.037346648172633
8.036027480106385e-06,0.0003715198349661,611471.764455609,3.3706099136856245,0.0328868161781284,4.76680289745,4.76610565186,0.0006972455899996,-16.1002807406,15.3156471891,0.9512658465935074,12.0,5.0,0.4166666666666667,0.5935659469841561,True,0.0062622627766479,0.2699841477617935,0.4946478698911,0.7646320176528936,0.9565986015857504,4.7664542746550005,-4.67091450689999,-0.557470498430884,-88.8659161254037,10.086298261184726,-0.0055650171866482995
2.3843935470110007e-05,0.000278460382524,418118.7400811696,1.4086653593203733,0.015852816369046,4.83524894714,4.78337335587,0.0518755912699999,-6.7985121765,6.52041470145,0.959094362438405,12.0,5.0,0.4166666666666667,0.2925561468469264,True,0.0032396529745237,0.0330690453820141,0.1413574524564054,0.1744264978384196,0.975833685258711,4.809311151505,-3.8137769699000046,-1.715386860812055,1501.2700026189302,12.129835416595029,0.0486359382954762
3.2078086056671467e-05,0.0001305113093485,982395.4537918896,0.5060364095619615,0.0134987750481986,4.86603212357,4.79154014587,0.0744919777000001,-2.48742211761,2.36084418562,0.9491128059472188,12.0,5.0,0.4166666666666667,0.0925533208716196,True,0.0010157666516124,0.0040121609823052,0.1193106883696419,0.1233228493519472,0.9535245442795844,4.82878613472,-3.4242773056000075,-0.46267695559937894,7233.571896828231,19.930036219939623,0.0734762110483877
2.173304669042981e-05,0.0003683784398736,510360.8194768856,4.833320325623985,0.017293409327947,4.76930141449,4.76319169998,0.0061097145099999,-23.0603188104,21.9655490136,0.9525258169324932,12.0,5.0,0.4166666666666667,0.2629594962970797,True,0.0028044295458845,0.4020386152235865,0.5920169573231387,0.9940555725467252,0.9604916690125096,4.766246557235,-4.6750688552999975,-0.8293515016331375,117.85944021898875,4.259035119584693,0.0033052849641154003
6.845936772143375e-06,0.0003618133338841,965979.5977834056,1.8889122559372704,0.0358522441897443,4.79803705215,4.79685974121,0.0011773109400001,-9.08311428045,8.69468006748,0.957235569103645,12.0,5.0,0.4166666666666667,0.4410481052313428,True,0.0045682216390614,0.0893843339368266,0.4379161682972231,0.5273005022340498,0.9471211581381844,4.79744839668,-4.051032066399998,1.0679109930711665,-74.2282438764947,19.24349989896438,-0.0033909106990612998
1.7360324928641003e-05,0.0003945033600745,927650.7647266072,2.6896658943828307,0.0363586643268659,4.78507089615,4.77593247592,0.0091384202299993,-12.8899591074,12.2918410008,0.9535981377740272,12.0,5.0,0.4166666666666667,0.1811108387589871,True,0.0018729697159433,0.1820074290615964,0.5988169497079936,0.78082437876959,0.945125030837159,4.7805016860350005,-4.3899662792999905,0.8965064579194372,387.9107308682158,8.861721492015603,0.007265450514056001
7.075775769710676e-06,0.0004095565336415,313808.4426901819,1.781917760288197,0.0359490812967283,4.79238405764,4.79061126709,0.0017727905499995,-8.54218529022,8.18217566028,0.9578550900374196,12.0,5.0,0.4166666666666667,1.313554549435672,True,0.0144131006051397,0.0829049925116609,0.1342034009659238,0.2171083934775847,0.976211723820698,4.791497662365,-4.170046752700003,-1.8803947274300434,-87.70014448267068,21.347756789249967,-0.0126403100551402
2.0776572109114568e-05,0.000122789279257,191307.34468470103,4.087964532412485,0.0302494808205049,4.75378940761,4.74976812005,0.0040212875600005,-19.4525477017,18.4615358065,0.9490549047663616,12.0,5.0,0.4166666666666667,0.7338060006681765,True,0.0112428634524254,0.3787591748792866,0.1876938335666563,0.5664530084459429,0.9730341057438748,4.75177876383,-4.9644247234000005,-2.4643741505012726,-64.232532245751,2.9734193438570364,-0.0072215758924249
3.2208800885455015e-05,0.0001218850177756,342586.4437288311,2.706329237167541,0.0319629019413484,4.77765893936,4.77644014359,0.0012187957699998,-12.9236471332,12.3519161436,0.9557608635002685,12.0,5.0,0.4166666666666667,0.2643273292715835,True,0.003434555831307,0.1709209705873078,0.2225164101409411,0.393437380728249,0.97174613862477,4.777049541475,-4.4590091705000034,-1.6450052631157503,-64.5137295806895,3.593993267120461,-0.0022157600613072
8.099286075746042e-06,0.0003197750587077,287754.27117840847,3.3845684318616382,0.0157047761259231,4.78642436862,4.78415346146,0.0022709071599997,-16.2224232887,15.500955366,0.9555265011977248,12.0,5.0,0.4166666666666667,1.251463768272162,True,0.0142146885952844,0.1916717781595954,0.2337417653673107,0.4254135435269062,0.9754780220666572,4.78528891504,-4.294221699200005,-2.045307061522821,-84.02422153128944,9.282514345636631,-0.0119437814352847
4.0479734127736754e-05,0.0003835943025157,718323.4907208172,3.69929448951089,0.0159420767164083,4.80288362503,4.75992155075,0.04296207428,-17.7733424959,16.9307457487,0.95259210543012,12.0,5.0,0.4166666666666667,0.1003065002491923,True,0.0010485687195055,0.2277633378510971,0.6377496314183391,0.8655129692694361,0.9552983358557134,4.78140258789,-4.3719482422000056,-0.28328641682070566,3997.2111298781365,4.1607186264911595,0.0419135055604945
2.719108308071689e-05,0.000156463891047,690721.5174839466,0.9375790752816108,0.0426385612721586,4.81928110123,4.80261421204,0.0166668891899997,-4.51909393333,4.34014831894,0.9604023246628688,12.0,5.0,0.4166666666666667,0.1552949402697213,True,0.0017325675478275,0.0244636886780881,0.1554254499935303,0.1798891386716185,0.9630449667370548,4.810947656634999,-3.7810468673000126,-0.27440484769258944,861.9762999081125,12.792514202966778,0.014934321642172201
1.1026096058554448e-05,0.000180634500358,968724.5345661172,3.00243647455791,0.0075776815225197,4.80930185318,4.80846405029,0.0008378028900004,-14.4782294465,13.8863541072,0.9591196325844192,12.0,5.0,0.4166666666666667,0.2730641758984067,True,0.0029257042379795,0.1186904849040593,0.6980481303313067,0.8167386152353662,0.9484021295037576,4.808882951735,-3.8223409653000044,1.1300589430634758,-71.36406068923121,6.740399569299855,-0.0020879013479791
1.2340281087056672e-05,5.184294998428443e-05,949056.2102903732,3.730573546526734,0.0399940338423863,4.75368499756,4.75279712677,0.0008878707899997,-17.7742840949,16.8571482086,0.948400966170944,12.0,5.0,0.4166666666666667,0.2490404031596667,True,0.0031231045385171,0.3712279881280682,0.8497257581462828,1.220953746274351,0.9385647220606192,4.753241062164999,-4.935178756700012,1.0480091440821813,-71.57089111012354,2.747114270105813,-0.0022352337485174
7.133759494499714e-06,0.0003402892281666,972559.8835359182,3.731188827805147,0.0222984797871029,4.78030443192,4.77943992615,0.00086450577,-17.8747469235,17.0491918918,0.9538144492208368,12.0,5.0,0.4166666666666667,0.4203896189263721,True,0.0043626767906902,0.2688494337834146,0.8709130972369664,1.1397625310203812,0.942423751270016,4.779872179035,-4.402556419299994,1.2086598979992431,-80.18405186822858,9.2552391484154,-0.0034981710206902
1.720605577962673e-05,4.5350648160193694e-05,535196.335002142,1.5782125665465483,0.0331502477195205,4.80154323578,4.79953813553,0.0020051002499998,-7.58384854684,7.27409005032,0.959155500718818,12.0,5.0,0.4166666666666667,0.3167322902147257,True,0.0047985173136575,0.0595104303275944,0.2027168595528088,0.2622272898804033,0.9678378561369824,4.800540685654999,-3.989186286900015,-0.8970878089868246,-58.214170775358035,5.143462681912924,-0.0027934170636576996
1.8634056012305933e-05,4.640073036815564e-05,668825.9274947372,1.185810650932847,0.0331510263394666,4.81019735336,4.80912446976,0.0010728836,-5.71064706418,5.4862882991,0.9607121990628192,12.0,5.0,0.4166666666666667,0.2340271809496064,True,0.0032828956013063,0.0335931580131007,0.1903442180263918,0.2239373760394926,0.9636051166855296,4.80966091156,-3.806781768800001,-0.3002181674440481,-67.31898511871385,6.653702326333775,-0.0022100120013063
1.5402591805508783e-05,0.0002168370546694,910880.4541848524,4.967071442699875,0.0329667966680237,4.74059820175,4.73964834213,0.0009498596200003,-23.601306718,22.3201754208,0.9457177811166312,12.0,5.0,0.4166666666666667,0.207889047421944,True,0.0022104574038419,0.5856993775724808,1.0858579900068173,1.671557367579298,0.9369388178897102,4.74012327194,-5.197534561200001,0.936983617211423,-57.02882044461069,3.776934423232202,-0.0012605977838416
1.1860015368637186e-05,3.877368995242259e-05,735378.3668080231,3.2017595438090543,0.0271271675752381,4.78010749817,4.77811861038,0.0019888877899996,-15.3229537232,14.6258410895,0.954505335831921,12.0,5.0,0.4166666666666667,0.33441880969938,True,0.0048102514125968,0.2185810788784991,0.5650811290171928,0.7836622078956919,0.9533324949825592,4.779113054274999,-4.417738914500013,0.12302537210621489,-58.65314264466055,2.8236263905243404,-0.0028213636225972003
2.0492054166842232e-05,0.0002114064030097,870440.3845060787,2.4153261192079105,0.0389170064766665,4.78530025482,4.78177547455,0.0035247802700002,-11.5802592346,11.0530662661,0.9544748560615268,12.0,5.0,0.4166666666666667,0.1635167591629716,True,0.0017462422829339,0.1529939320998384,0.504575375018618,0.6575693071184565,0.9483619456173776,4.783537864685,-4.3292427063000005,0.6445756783471234,101.84944004895698,6.649064522938009,0.0017785379870663002
4.367980555941634e-05,6.054260846205573e-05,114632.99244056529,1.3357534663113475,0.0090978819160441,4.81803369522,4.80701435745,0.0110193377699996,-6.4145799525,6.18804652814,0.9646846050657284,12.0,5.0,0.4166666666666667,0.5825007277051684,True,0.0163164623971878,0.0249959743362332,0.0367491400814706,0.0617451144177038,0.990839700258312,4.812524026335,-3.7495194733000043,-2.6396898696898194,-32.46490874211299,4.40690725277263,-0.005297124627188201
2.616019830064452e-05,0.0001305743382492,711359.9333697568,1.2278001046326952,0.0421287898902949,4.80848330557,4.80217838287,0.0063049227,-5.9061381976,5.66991922229,0.9600044957623936,12.0,5.0,0.4166666666666667,0.1567315275026855,True,0.0017782359465703,0.0415933600641523,0.2096178721494946,0.251211232213647,0.9606881208588648,4.80533084422,-3.893383115599995,-0.07115994063297809,254.56052455583085,9.098100695335264,0.0045266867534297
8.95214881755171e-06,9.727602623759872e-05,988328.3101758251,2.630213009626599,0.0408140828874068,4.77738857269,4.77692365646,0.0004649162299994,-12.5943105673,12.0049846436,0.9532069722633224,12.0,5.0,0.4166666666666667,0.3296539390088651,True,0.0037251483302738,0.1870717114035197,0.6238833550096147,0.8109550664131344,0.9419170678913252,4.777156114575,-4.456877708500002,1.19860917238414,-87.51952435769911,6.2664033658665845,-0.0032602321002744
2.0719616738998995e-05,3.681540671787787e-05,364120.1825822895,2.663917388120977,0.0094340550782597,4.80378417432,4.79977421761,0.00400995671,-12.7991456238,12.2849698233,0.9598273341351872,12.0,5.0,0.4166666666666667,0.3865986460334707,True,0.0074709094138288,0.0990332136613077,0.232796660579219,0.3318298742405268,0.9756926421087904,4.801779195965,-3.9644160807000084,-1.626055920572803,-46.325721704274834,2.5019187058607044,-0.0034609527038287997
2.385187399372899e-05,0.0001885483311944,834837.9736681057,2.0419772651820365,0.0208096592371695,4.80859231949,4.80069055601,0.0079017634799996,-9.83346196496,9.42874352351,0.95884273078066,12.0,5.0,0.4166666666666667,0.1464745244427332,True,0.0015810633235117,0.0778840244038807,0.4091328389618187,0.4870168633656995,0.954471228284654,4.80464143775,-3.9071712450000002,0.4580025428175827,399.7752691175576,6.8844491286688445,0.0063207001564879
3.75073235503541e-05,0.0003638951244398,768364.0286025183,3.742298598994961,0.0198964884958099,4.79647874832,4.77084541321,0.0256333351100002,-17.9245969994,17.1256149056,0.9554253803403924,12.0,5.0,0.4166666666666667,0.1012054029899823,True,0.0010572990150261,0.2561662321635419,0.6901074306617588,0.9462736628253008,0.9518626057935312,4.783662080765,-4.326758384700007,0.3742950427064009,2324.4168154613694,4.161612586176031,0.0245760360949741
3.145703405747581e-05,0.0002697951535248,263449.72518470255,0.4533530752846426,0.018136944175638,4.8692317009,4.77328224421,0.0959494566900005,-2.24695767102,2.11246639588,0.940145167452599,12.0,5.0,0.4166666666666667,0.3519421443993467,True,0.0041383626475268,0.0037897081010437,0.0286645783428909,0.0324542864439346,0.9858846516633109,4.821256972555,-3.574860548899998,-4.639435671662359,2218.5366982601813,32.29918946004588,0.0918110940424737
4.984992462023025e-06,0.0003791284581122,757357.4017244074,4.804196996370559,0.0315785929920919,4.74382591248,4.74314451218,0.0006814003000004,-22.8216306171,21.6193585372,0.9473187477235238,12.0,5.0,0.4166666666666667,0.7725407879172491,True,0.0080617212797938,0.5356397023952684,0.8732385970904182,1.4088782994856863,0.9445974882405452,4.74348521233,-5.1302957533999916,0.2880866736208749,-91.54770704231258,9.076327044971963,-0.0073803209797934
8.754635040492896e-06,0.0004421485808239,556852.2763456387,0.7680462956061772,0.015330740429205,4.83299684525,4.80894041061,0.0240564346400002,-3.73073502806,3.57028179413,0.956991522388167,12.0,5.0,0.4166666666666667,0.5982858793952502,True,0.0062866047685345,0.0101559173408148,0.1026451987313124,0.1128011160721272,0.9714646632966296,4.82096862793,-3.5806274413999972,-1.4898268002202533,282.66179481182985,46.26448159347265,0.0177698298714657
4.333716600569895e-06,0.000140146670883,673362.5140831094,2.845448687343147,0.0268741445654081,4.78585330606,4.78370669842,0.0021466076400002,-13.6325407998,13.0289190162,0.9557219895788718,12.0,5.0,0.4166666666666667,0.9994874723678068,True,0.0113187761394516,0.1733923578758084,0.4598444356329276,0.6332367935087362,0.957387864746066,4.78478000224,-4.3043999552000045,-0.17400211852863173,-81.03498458178532,9.992643302956521,-0.0091721684994514
3.621753627167313e-05,0.0001582852990485,173277.78456341184,3.952832034491839,0.0298251080141492,4.75579928219,4.75355966091,0.0022396212800002,-18.8460106782,17.8725144644,0.9483447064515312,12.0,5.0,0.4166666666666667,0.4647560028720503,True,0.006765684867757,0.3508248983937918,0.1643851146451271,0.515210013038919,0.9745943780143946,4.75467947155,-4.906410568999995,-2.693394519301823,-66.89734559359262,2.6443715891870005,-0.0045260635877568
2.2907634035547232e-05,1.9269846054099136e-05,861459.0804361716,2.069186798951978,0.0468057892016507,4.78458404541,4.78313922882,0.0014448165900002,-9.92320196795,9.47092908648,0.9544226870590004,12.0,5.0,0.4166666666666667,0.1477991405972227,True,0.0025909244149278,0.1263692867056868,0.4278047416982007,0.5541740284038876,0.949158849873211,4.783861637115,-4.322767257700004,0.5545791609584131,-44.23547897901677,2.216252863252011,-0.0011461078249276001
1.175400695111049e-05,0.0003091975270303,661122.7344313757,4.22965727145423,0.0120212211742277,4.78624391556,4.78439569473,0.0018482208300003,-20.2686195927,19.3707385684,0.9557009287093542,12.0,5.0,0.4166666666666667,0.3753347399049873,True,0.0039828621869165,0.2686843946974574,0.6711174194427294,0.9398018141401868,0.9574520978526077,4.785319805145,-4.293603897100002,-0.18289887788444123,-53.59566203240445,6.063032003261484,-0.0021346413569161998
6.667683302409814e-06,0.0003685250088553,904070.5493876413,2.2508610502448083,0.0141572108047357,4.81085443497,4.80774597168,0.0031084632900002,-10.8488956944,10.4117127913,0.9597025434279302,12.0,5.0,0.4166666666666667,0.483848626357848,True,0.0050200170286662,0.0808596543764156,0.4883849247096161,0.5692445790860318,0.9518550192407736,4.809300203325,-3.813995933500003,0.8244453229249044,-38.07863056540055,16.514571858381345,-0.0019115537386660002
2.853065115545518e-05,0.0001479260819007,710003.9954735514,3.198538712215601,0.0153808957020644,4.7933306694,4.79288959503,0.0004410743700002,-15.357287293,14.6966277875,0.9569807158715372,12.0,5.0,0.4166666666666667,0.1439840290022706,True,0.0016112039731839,0.167900079798194,0.5450340636839771,0.7129341434821712,0.9573237141345152,4.793110132215,-4.137797355699995,-0.035828869369239943,-72.62454801867247,3.55946665026754,-0.0011701296031837
1.5632016464484058e-05,0.0003941606059284,641176.2014947264,1.5817956574459144,0.0253898023063574,4.81771183014,4.79215908051,0.02555274963,-7.61604166712,7.30620435733,0.9593178026943272,12.0,5.0,0.4166666666666667,0.2910009455959661,True,0.0030539402767477,0.0516356862196954,0.2434103354836859,0.2950460217033814,0.9640364276612244,4.804935455325,-3.901290893499994,-0.4894654217937315,736.7141238666413,15.872624124528793,0.0224988093532523
8.518675969591078e-06,7.080914429972913e-05,672771.1631521485,0.6156112035302992,0.0202955306966112,4.82586193085,4.8236322403,0.0022296905500001,-2.97599012871,2.86610004316,0.9630744455467553,12.0,5.0,0.4166666666666667,0.5089174368141847,True,0.0064245413383363,0.0073929283865998,0.0993997117076576,0.1067926400942574,0.9664685353778016,4.824747085575,-3.505058288500003,-0.351184721158005,-65.29416758990766,23.416507017172062,-0.0041948507883362
1.49113975226437e-05,0.0001369471646494,850199.3254401437,4.638971190841358,0.0150117236103371,4.77889919281,4.77782154083,0.0010776519800002,-22.2107404664,21.1834154647,0.9537464766987792,12.0,5.0,0.4166666666666667,0.2300634849160975,True,0.0025476274287519,0.349877691260865,0.9465720425254998,1.2964497337863647,0.9470648992625188,4.778360366819999,-4.4327926636000115,0.7055036504323376,-57.69978106539114,3.266372249998306,-0.0014699754487517002
2.4750947907258832e-05,2.909637392705385e-05,221035.61345743336,1.8928458206114664,0.024978507585934,4.80145359039,4.79080162942,0.0106519609700006,-9.08613076723,8.70921057155,0.9585169743495882,12.0,5.0,0.4166666666666667,0.5331294934385032,True,0.0156932474880657,0.0736014500249248,0.1004127209134066,0.1740141709383315,0.981945447319448,4.796127609905,-4.077447801900007,-2.385924089145255,-32.12392159047301,2.864034732814906,-0.0050412865180651
3.910074322937503e-05,0.0002281946584785,775933.422769704,3.7877727679736064,0.0168149510606784,4.78522736133,4.78310108185,0.0021262794799996,-18.1561643373,17.3394601007,0.9550177988352876,12.0,5.0,0.4166666666666667,0.0961340693892574,True,0.0010292074991798,0.2440052580818537,0.7053742772466327,0.9493795353284864,0.9522642841090482,4.78416422159,-4.316715568199996,0.28915446816485835,106.59385806011741,3.188939778153667,0.0010970719808198
3.803136641957885e-05,0.0001667000423135,414922.2129139896,4.202536031742623,0.0325292035633375,4.74894018471,4.74848985672,0.0004503279900003,-19.9807726671,18.9538918975,0.9486065535748354,12.0,5.0,0.4166666666666667,0.1848324343624019,True,0.0021823545954562,0.4160586130286047,0.4184941320339421,0.8345527450625468,0.961800528756284,4.748715020715,-5.025699585699996,-1.3717995350355954,-79.36504035879818,2.4908951613255366,-0.0017320266054559
1.2382619362824722e-05,0.0002675753516321,388285.5104022075,4.224105163177224,0.0396127632821539,4.73724126816,4.73613786697,0.0011034011899999,-20.048957557,18.9544717694,0.945409341882822,12.0,5.0,0.4166666666666667,0.6066288922996184,True,0.0067961426241833,0.4737489241007181,0.3936381190264484,0.8673870431271666,0.9605516426825566,4.736689567565,-5.266208648700008,-1.5764171468643031,-83.76430203107316,5.502398921690977,-0.0056927414341834005
4.197585503540379e-05,0.000335222372196,411297.1131729239,4.213550464205111,0.0136308194237518,4.78941249847,4.77421855927,0.0151939391999995,-20.1840235747,19.2659745213,0.9545160532535868,12.0,5.0,0.4166666666666667,0.1689396482798792,True,0.001842559157672,0.2784113963962935,0.4159250741126389,0.6943364705089324,0.9680942175560358,4.78181552887,-4.363689422599997,-1.4025664089521348,724.6106583191845,3.35342445018062,0.0133513800423275
2.9010016358529987e-05,0.0003795281314208,304516.9124706933,4.191489337130289,0.0480382363896201,4.72533845901,4.71761131287,0.0077271461399996,-19.8387047974,18.6922447018,0.9422109403155065,12.0,5.0,0.4166666666666667,0.3301622433828083,True,0.0036587160035426,0.5276100480473431,0.3063310539832197,0.8339411020305628,0.961730702507072,4.721474885939999,-5.570502281200014,-2.0296494788697936,111.19830379066559,4.314690395013399,0.004068430136457
3.377605607628554e-05,3.0904227826756126e-05,456344.4679879265,0.9805491673910132,0.0243850607217949,4.81539154053,4.81363105774,0.0017604827899999,-4.72378766288,4.54581517898,0.9623241990112033,12.0,5.0,0.4166666666666667,0.1892278570422161,True,0.0035694768072077,0.0194439519862897,0.1073923651509735,0.1268363171372633,0.9747819374947356,4.814511299135001,-3.709774017299985,-1.2780025977450629,-50.67952853916774,4.877587948628568,-0.0018089940172077998
1.9205709174859265e-05,4.215663057337015e-05,253482.4927774931,1.1767434957233764,0.044283493969801,4.80295871556,4.79571716547,0.0072415500899998,-5.66324980048,5.42105427498,0.9572338261541152,12.0,5.0,0.4166666666666667,0.5991126377049333,True,0.0129992964446414,0.0402484702753771,0.071588129917359,0.1118366001927362,0.981346744817463,4.7993379405150005,-4.01324118969999,-2.4571252506506163,-44.292753682181555,6.295148360152683,-0.0057577463546416
4.004271210238489e-05,0.0002514166868104,246701.9799027832,1.6757671822382043,0.0362624966647003,4.8124332428,4.76675844193,0.0456748008699996,-8.08015625446,7.69116293193,0.9518581930497584,12.0,5.0,0.4166666666666667,0.2952505251199587,True,0.0035475285315247,0.0706944384087404,0.0992196196114255,0.1699140580201659,0.9801241048536778,4.789595842365,-4.208083152699995,-2.883911503037594,1187.510458735308,7.476384533709341,0.0421272723384749
4.122181350808963e-05,0.0003814319310776,125277.24818650215,4.244522801033188,0.0101655757170379,4.79378802538,4.76201248169,0.0317755436899993,-20.3918104166,19.3949732161,0.951115806780524,12.0,5.0,0.4166666666666667,0.5647906506420196,True,0.0071253410879891,0.2568476330651331,0.1276181127307925,0.3844657457959256,0.9822064920282062,4.777900253535,-4.441994929300002,-3.1653919516945503,345.9511944426359,3.583324258440796,0.024650202602010198
1.4017801227243825e-05,0.0001008437733374,537061.0042580043,1.4846183042501122,0.0352352408384402,4.80162286758,4.80038404465,0.0012388229299995,-7.13850938237,6.84401520233,0.958745703862586,12.0,5.0,0.4166666666666667,0.3874211101991644,True,0.004768382115419,0.0547086672566868,0.1913593433808913,0.2460680106375782,0.967914605294826,4.801003456115,-3.979930877700007,-0.9472841283810558,-74.02005753704904,9.033161786860624,-0.0035295591854195
1.682757366184596e-05,6.823127000048415e-05,202966.3137037632,3.583556503957117,0.0178607304493649,4.78263655603,4.77452135921,0.0081151968199995,-17.1376780493,16.3672389426,0.9550441369896392,12.0,5.0,0.4166666666666667,0.8539674825109032,True,0.0162477142595578,0.2250476285887505,0.174561900853757,0.3996095294425076,0.9781841471554164,4.778578957620001,-4.4284208475999876,-2.3656087898243783,-50.05330171149646,2.8095497387892148,-0.008132517439558298
4.038083192424693e-05,0.000189010035904,598376.1808428371,4.984779196492424,0.0417038476954882,4.71861171722,4.71833896637,0.0002727508499997,-23.5402557397,22.1963719937,0.9429112512259764,12.0,5.0,0.4166666666666667,0.1207083292366734,True,0.0013404932018852,0.6802877244976349,0.715865553106071,1.3961532776037058,0.9469547619835946,4.718475341795,-5.630493164099999,-0.42700147039212727,-79.65294791378894,2.1700956672937477,-0.0010677423518855001
1.3758368295868049e-05,0.0001825613279233,853561.5719147928,0.3126135963200053,0.0212957730072851,4.84664850295,4.81652164459,0.03012685836,-1.50172039892,1.45924448713,0.9717151662715992,12.0,5.0,0.4166666666666667,0.2483619224912339,True,0.0026828476882883,0.0019414441012807,0.0640403886424416,0.0659818327437224,0.959496737200573,4.83158507377,-3.3682985245999926,1.273420596163212,1022.9432998196563,58.261688828611994,0.0274440106717117
5.0977282692176725e-06,0.000328574985821,630501.4237674244,2.834699755871903,0.0359251271340432,4.77501487732,4.77345541596,0.0015594613600002,-13.566605509,12.9221324708,0.9524956307034608,12.0,5.0,0.4166666666666667,0.9074527993237548,True,0.0096220650136151,0.2023508061208666,0.4289477356872973,0.631298541808164,0.957358515073655,4.774235146640001,-4.515297067199988,-0.5079480981918347,-83.79286195017825,14.160932280912407,-0.0080626036536149
4.049253255626704e-05,0.0002427328641872,294846.4623246708,3.0391502941852635,0.0410589605937929,4.76430273056,4.75654220581,0.0077605247500001,-14.465292158,13.7732004615,0.9521550142962552,12.0,5.0,0.4166666666666667,0.2442957642320298,True,0.0028696368187396,0.2505151629299976,0.2150598510512418,0.4655750139812394,0.9702723128574132,4.760422468185,-4.791550636299995,-1.867238539230636,170.43578125710945,4.028048090507874,0.004890887931260499
2.812228807952071e-05,0.0002929157053168,362925.29148231534,4.358266216529016,0.049569722541396,4.71750320613,4.7152466774,0.0022565287300002,-20.5815403766,19.3911191746,0.9421607333456228,12.0,5.0,0.4166666666666667,0.2857714979125352,True,0.0031937380001142,0.5824665095503043,0.379614008877917,0.9620805184282212,0.9577170872088984,4.716374941765,-5.6725011646999945,-1.6243162068468362,-29.345214606849023,3.7025612545601363,-0.0009372092701140002
7.83430140134326e-06,0.0002976748021282,956881.187357876,4.669808374069236,0.0245226713890703,4.76100410104,4.76076030731,0.0002437937300001,-22.2863880847,21.1692636353,0.949874136394182,12.0,5.0,0.4166666666666667,0.3890706820594194,True,0.0040614480599234,0.4411463924746954,1.072428427611149,1.5135748200858448,0.9391224649065874,4.760882204175,-4.7823559164999985,1.1448636242200894,-93.99736925345051,6.599968209598121,-0.0038176543299233002
3.756219635785411e-05,4.357598993393658e-05,918801.435020032,1.5847744843750398,0.0335937367243296,4.80483102798,4.80447292328,0.0003581047,-7.62911217947,7.31680013789,0.9590631210771242,12.0,5.0,0.4166666666666667,0.0845111778952691,True,0.0011089606504937,0.0602839724334207,0.3494623369024602,0.4097463093358809,0.950832126768495,4.80465197563,-3.906960487400006,0.8656622001828109,-67.70807874557363,3.398213616425855,-0.0007508559504937
3.924550254398577e-05,0.0004376452786819,815815.1308309931,3.924125745824992,0.0385974280713283,4.76013565063,4.73247146606,0.0276641845699998,-18.6371594016,17.6884223952,0.9490943342836596,12.0,5.0,0.4166666666666667,0.0910972250142748,True,0.0009428656749303,0.4016526003660798,0.7683266780945963,1.1699792784606762,0.9437255861861376,4.746303558345,-5.073928833100005,0.5688886871467279,2834.053630920951,4.25493828431469,0.0267213188950695
1.7637382379570926e-05,0.0004080977167279,493892.4073278636,1.4774009673979969,0.0167154425828659,4.83810424805,4.78708666742,0.0510175806299999,-7.14363345697,6.84625380316,0.9583713728313078,12.0,5.0,0.4166666666666667,0.3348268815446183,True,0.0035559197147604,0.0371877215728094,0.1751225088904107,0.2123102304632201,0.9720619255052978,4.812595457735,-3.7480908452999984,-1.408403344969341,1334.7225112600017,16.279334332753546,0.0474616609152395
3.330793900556877e-05,0.0003237872607582,438184.4809845319,1.313906357465834,0.0101939922807321,4.8798584938,4.76367378235,0.1161847114499998,-6.41293111299,6.12262575943,0.954731253393326,12.0,5.0,0.4166666666666667,0.1998398271340237,True,0.00217446419461,0.0246435804959985,0.1381760100740263,0.1628195905700248,0.9758153457193984,4.821766138075,-3.5646772385000065,-2.1606641480441837,5243.14208244933,11.864831879654465,0.1140102472553898
4.124129927987567e-05,0.0002310717626167,427133.4230268215,2.031141953411321,0.025826266167688,4.81344842911,4.78415584564,0.0292925834700001,-9.75606520369,9.35509394967,0.9589003101508236,12.0,5.0,0.4166666666666667,0.165573528174657,True,0.0018654314442822,0.085697486187496,0.2082164676513509,0.293913953838847,0.9718732500146272,4.7988021373750005,-4.02395725249999,-1.3348386596306059,1470.2846416460832,5.826892377727138,0.0274271520257179
3.850550201157345e-05,0.0002196928475137,861389.5078512132,2.2556597601056496,0.0279839636217373,4.80181646347,4.78658390045,0.0152325630199996,-10.8291276278,10.3704118467,0.9576405600833064,12.0,5.0,0.4166666666666667,0.0879355392016082,True,0.0009374397172432,0.1102199809676699,0.4663203961529258,0.5765403771205958,0.9513666639858256,4.79420018196,-4.1159963608000005,0.6594614185025021,1524.9112065355148,5.294719732583277,0.0142951233027564
2.2290109352521302e-05,0.0002290497911459,468076.8891463984,1.7898112578293637,0.0327398396455977,4.80231952667,4.79044532776,0.0118741989100001,-8.59598349942,8.23409789698,0.9579006169027175,12.0,5.0,0.4166666666666667,0.2795486507372747,True,0.0031214134888947,0.0758880372631626,0.201064628573753,0.2769526658369157,0.9699813140017264,4.796382427215,-4.072351455700005,-1.2454566829920735,280.4109565184452,8.955124321255802,0.0087527854211054
8.365155966788592e-06,0.0001573812215978,506483.4614046661,0.8177846969452311,0.0174251551864064,4.82249268532,4.81839725137,0.0040954339499998,-3.95041580118,3.80045436681,0.9620390759055778,12.0,5.0,0.4166666666666667,0.6884105019320182,True,0.0079636464626601,0.0122249814966381,0.0994066617582207,0.1116316432548589,0.973424549885978,4.820444968345001,-3.591100633099984,-1.1696308647376805,-48.57338319572012,26.519813132220452,-0.0038682125126603007
4.548458280758167e-05,0.0004555945217306,997675.5476546214,0.6433910557493411,0.0079347168827474,4.95732593536,4.71986435115,0.23746158421,-3.3045854989,3.00135965257,0.9082408833328915,12.0,5.0,0.4166666666666667,0.0642736930753883,True,0.0006604125829029,0.0055126813967578,0.1540549257361941,0.1595676071329519,0.9527420329948744,4.8385951432550005,-3.22809713489999,-4.670849833516502,35856.55054999366,24.59529998779568,0.2368011716270971
3.124390687357382e-05,0.0002601472650198,521356.4389091938,2.7074876550534,0.0109217277529605,4.80995705843,4.7903222549,0.0196348035299998,-13.0149314592,12.4799628178,0.9588957772788084,12.0,5.0,0.4166666666666667,0.1790551109624852,True,0.0019555734450588,0.1067027735626407,0.3387758693350186,0.4454786428976593,0.9681412222138748,4.800139656665,-3.9972068666999943,-0.9549686267799439,904.0432682092093,5.328813048673638,0.017679230084941
1.7687486094173938e-05,0.0004513074632667,755353.0617260247,3.682969050969073,0.0375138007159497,4.75842428207,4.75155210495,0.0068721771199999,-17.5423238271,16.6563211731,0.9494934272829196,12.0,5.0,0.4166666666666667,0.218308523806268,True,0.0022631346593515,0.347763981282262,0.6676660677340034,1.0154300490162655,0.9477398012567296,4.75498819351,-4.9002361298,0.18503243441550576,203.65745545026996,6.857647175630437,0.0046090424606484
2.118524795694527e-05,9.200839777017878e-05,442740.2528681096,4.7031964006591815,0.0483512821157227,4.71128320694,4.71030251265,0.0009806942899999,-22.1927812974,20.8745543566,0.940601093520692,12.0,5.0,0.4166666666666667,0.3109597926849743,True,0.0040637943282028,0.6670822693257306,0.4997506472918949,1.1668329166176254,0.9527269105892678,4.710792859795,-5.7841428040999965,-1.2727484585352955,-75.86752156245052,2.2155106793501016,-0.0030831000382029
6.371253520943241e-06,0.0001664802538088,654607.8727418892,3.5914025138449386,0.0130733750004298,4.79230260849,4.79055404663,0.0017485618600003,-17.2234646054,16.489830745,0.9574049776158284,12.0,5.0,0.4166666666666667,0.699327630491206,True,0.007795409976209,0.1998707044629252,0.564230486339498,0.7641011908024232,0.9591850570111958,4.79142832756,-4.171433448799995,-0.18558247778735132,-77.56934060765529,7.1166374777971875,-0.006046848116208699
3.052784584140881e-05,6.013507917773362e-05,689425.4107072791,2.0129256119787526,0.019027211622916,4.80535316467,4.80456066132,0.0007925033499995,-9.6864804082,9.2946454689,0.9595482649231092,12.0,5.0,0.4166666666666667,0.1385808918192998,True,0.001803637544639,0.0726706281409465,0.3330628960227966,0.4057335241637431,0.9612493302254694,4.804956912994999,-3.9008617401000123,-0.176964003913662,-56.06083093828475,3.4862469086394006,-0.0010111341946395
2.858544828857115e-05,0.000110431937548,749245.9073470046,2.0068592532134564,0.0207682996742771,4.8054432869,4.8043627739,0.0010805129999997,-9.66463087065,9.26633996642,0.9587888136069896,12.0,5.0,0.4166666666666667,0.1361812798962383,True,0.0015675478805831,0.0751553334912179,0.3608714597019956,0.4360267931932135,0.9583559369920712,4.8049030304,-3.9019393919999956,0.04516866836314093,-31.069856724391194,4.8969755022207915,-0.00048703488058339994
1.0469384202141592e-05,0.0001344296529819,737379.9933304321,3.1147294578338216,0.0163260020275048,4.79482460022,4.79330396652,0.0015206337000002,-14.9525773388,14.3168582982,0.9574843168374464,12.0,5.0,0.4166666666666667,0.3778107496355713,True,0.004254536174872,0.1632099943444566,0.551217404842465,0.7144273991869216,0.9561380081528206,4.79406428337,-4.1187143326,0.14080694137729924,-64.25853165895461,5.752235314234074,-0.0027339024748718006
1.1178462820512672e-05,0.0001657385708785,425287.9883630618,3.4436782399406,0.0444751913018847,4.74778545976,4.7466418612,0.0011435985600005,-16.3798709984,15.521598402,0.94760199292877,12.0,5.0,0.4166666666666667,0.6135099276221073,True,0.0072230892699276,0.3392456708536003,0.3514931978961569,0.6907388687497572,0.961430908921338,4.74721366048,-5.055726790400001,-1.4383681514965128,-84.16745914020854,5.590725759903055,-0.0060794907099271
9.108577187931622e-06,1.0060305181134614e-05,809900.2136058623,1.6342726560084495,0.0383642260853788,4.80218914209,4.79578733444,0.0064018076499996,-7.85970342937,7.52769951515,0.9577587224246435,12.0,5.0,0.4166666666666667,0.3953709368760976,True,0.0100192858898107,0.0697407090761494,0.3176634655659512,0.3874041746421006,0.9547359854449524,4.798988238265,-4.020235234699996,0.31660448812792913,-36.10515040288412,3.21533180311157,-0.0036174782398111
1.0022969340716784e-05,6.116686590177416e-05,979103.8327605232,4.16778733697599,0.0099773187423257,4.79346132278,4.79277276993,0.0006885528499998,-20.0217595379,19.1503011614,0.9564744359829924,12.0,5.0,0.4166666666666667,0.2972087873678261,True,0.0035924234370549,0.2460214458771308,0.9793671733833516,1.2253886192604826,0.9444629009784165,4.793117046355,-4.137659072899993,1.2717847352323333,-80.83319346774218,2.963632623446023,-0.0029038705870551
3.865247839663649e-05,0.0004192195178195,881465.26980134,2.505464656754847,0.0457904374704233,4.79441690445,4.74386310577,0.0505537986800002,-11.9163406773,11.4067179919,0.9572332900509632,12.0,5.0,0.4166666666666667,0.0856060082481557,True,0.0008850180155519,0.1825591013279612,0.5300352191145918,0.7125943204425531,0.9461783417582902,4.76914000511,-4.617199897800006,1.1683789202075339,5612.17735590102,6.572245800469898,0.0496687806644483
4.230422044889591e-05,0.0004334555043034,669467.4659412128,2.799747659604449,0.0157761015629569,4.86085367203,4.75280475616,0.1080489158700004,-13.4132198071,12.9275661305,0.9637929085197776,12.0,5.0,0.4166666666666667,0.102984917451312,True,0.0010742110235365,0.1299264941752168,0.4498415930280556,0.5797680872032724,0.960231310953032,4.806829214095,-3.863415718100001,0.3709103760853905,9958.444151344074,5.716517362583758,0.1069747048464639
4.34633733864193e-05,0.0001241036669564,167641.55214840538,0.5435103952119547,0.0082382941529691,4.8562437892,4.78241366923,0.0738301199699993,-2.6324256449,2.52538185872,0.9593364445497694,12.0,5.0,0.4166666666666667,0.4002964091369663,True,0.0064080213485256,0.0041474115564893,0.02186758230291,0.0260149938593993,0.990517820725854,4.819328729215,-3.6134254157,-3.147987398473542,1052.1515918012137,15.545072113996845,0.0674220986214737
2.476921940632384e-05,0.0002194091322519,548651.6060602979,3.214371708304793,0.0098041531620979,4.80080366135,4.79679870605,0.0040049553000001,-15.4435217948,14.8031320352,0.9585334376375456,12.0,5.0,0.4166666666666667,0.2146237720027196,True,0.0023690999550599,0.1455835589663892,0.42325684805669,0.5688404070230793,0.9658163152412088,4.7988011837,-4.023976325999996,-0.7540644622310326,69.04965497324656,4.629617353457235,0.0016358553449402004
2.993255934526806e-05,0.0001337516918993,199865.8504786973,4.282899764149286,0.0302535276767016,4.74967663825,4.74720668793,0.00246995032,-20.33901292,19.3140969046,0.9496083699129684,12.0,5.0,0.4166666666666667,0.4875333734884375,True,0.0071550273498465,0.415108157879378,0.2054412969304102,0.6205494548097882,0.9718380714646234,4.74844166309,-5.0311667381999925,-2.2873873955311748,-65.47951252690895,2.467799148271428,-0.0046850770298465004
3.1228563521437536e-06,1.101495117094992e-05,996286.4901109664,4.819560262705978,0.032323340057151,4.74943660975,4.73856377602,0.0108728337299996,-22.9312731294,21.6960875255,0.9461353237157872,12.0,5.0,0.4166666666666667,0.9374552583480172,True,0.0200526467138687,0.5468385287026674,1.1523990667223103,1.6992375954249777,0.9341305177922912,4.744000192885,-5.119996142299996,1.2851315415610258,-45.77856038086089,1.9483988909395131,-0.0091798129838691
3.7126532125670176e-06,0.0002571540469015,315749.463244742,1.921661787074126,0.0301348022925153,4.79517900407,4.79091049373,0.0042685103400001,-9.23433666572,8.82946213453,0.9561555371169228,12.0,5.0,0.4166666666666667,2.4880539450508894,True,0.0287108485398664,0.0949310538093671,0.1456232826735808,0.240554336482948,0.9755754212599932,4.7930447489,-4.1391050220000025,-1.9906081805534686,-85.13276145749205,21.65446903555417,-0.024442338199866298
2.7884685596433496e-05,0.0003461527887882,975975.6044910952,0.9122326343332244,0.0455886718062215,4.84191560745,4.77965307236,0.0622625350899994,-4.46985268512,4.22283802734,0.944737628915086,12.0,5.0,0.4166666666666667,0.1071721847328161,True,0.0011113756918997,0.0241567081118574,0.2136760312151694,0.2378327393270269,0.9504411456608622,4.810784339905,-3.7843132018999985,-0.6000915229538506,5502.294124642281,19.311474768315446,0.061151159398099696
8.580142155665844e-06,0.0003611691764645,645658.4991378865,4.472224759646574,0.0136353894540594,4.78002166748,4.77872419357,0.0012974739100002,-21.409381585,20.4317992463,0.954338599888148,12.0,5.0,0.4166666666666667,0.5264891708336956,True,0.0055471104847684,0.3140029298712487,0.6930071822689685,1.0070101121402173,0.9569066954168212,4.779372930525,-4.4125413895000065,-0.26837470580708667,-76.60991405231816,7.253614660142548,-0.0042496365747682
1.2751757826539373e-05,0.0002326106260038,878301.0216774141,3.756734512063931,0.009031961758555,4.79824256897,4.79714822769,0.0010943412799999,-18.0654529587,17.2940295178,0.9572984168919774,12.0,5.0,0.4166666666666667,0.2604194120631573,True,0.0027635288434069,0.194320228046909,0.7918905024279727,0.9862107304748816,0.9501155006345388,4.79769539833,-4.046092033399997,0.7560045334110924,-60.40058410786162,5.684460416234091,-0.0016691875634070002
4.953230025705244e-06,0.000116433579217,999650.3437448768,2.227952433109356,0.0489160052263854,4.77957296371,4.77889283001,0.0006801336999995,-10.6734440565,10.1778259087,0.9535653023357372,12.0,5.0,0.4166666666666667,0.5890473163943724,True,0.0065230799218884,0.1516861561689057,0.5345216197452005,0.6862077759141063,0.94197450362965,4.77923289686,-4.415342062800001,1.2304790269190065,-89.57342684523472,10.880753347715075,-0.0058429462218889
2.0188506268276464e-05,0.0001238880683832,651038.8505624166,2.4105476703190583,0.0302513419836982,4.78853953242,4.78772354126,0.0008159911599996,-11.5609982614,11.0528525657,0.9560465554781196,12.0,5.0,0.4166666666666667,0.2219094032491858,True,0.0025630076173679,0.1314429480031383,0.3766464442825034,0.5080893922856418,0.9595496887111472,4.78813153684,-4.2373692632000015,-0.36508096185545125,-68.16274932348472,5.138270069895639,-0.0017470164573682998
1.7740148957617626e-05,0.0001684218945326,851135.3616740305,2.019676131071335,0.0121862702623848,4.81579780579,4.81088781357,0.0049099922199999,-9.74154485487,9.35780147623,0.9606075438385772,12.0,5.0,0.4166666666666667,0.1931660957011911,True,0.0021001003750632,0.0615498468213354,0.4125642658281138,0.4741141126494492,0.9551558905392712,4.81334280968,-3.7331438064000007,0.5707605798492247,133.7979783395896,7.627968913755344,0.0028098918449367006
8.420940269569188e-06,0.0001007145596695,687003.0735533157,1.9869278144182856,0.0289271880714579,4.79884958267,4.79683542252,0.0020141601499998,-9.54949902142,9.14735419703,0.9578883851929856,12.0,5.0,0.4166666666666667,0.5041590081054697,True,0.0059523975976595,0.087529737605209,0.3276061237041442,0.4151358613093533,0.9598893827179152,4.797842502595,-4.043149948100009,-0.20846126240753482,-66.16220410424576,8.702694748402685,-0.0039382374476597
4.118750582530528e-05,6.063872278057295e-05,317245.66008865286,3.5266666301520586,0.028495064448523,4.76672029495,4.7652220726,0.0014982223499995,-16.8367288711,16.0215260617,0.9515818769999153,12.0,5.0,0.4166666666666667,0.2232161510561388,True,0.0036825685313724,0.2721328751442217,0.2685167239188515,0.5406495990630733,0.9702514519516462,4.765971183775,-4.680576324499999,-1.9241996406372153,-59.3158324893101,1.720274975580227,-0.0021843461813728995
1.965506843447679e-05,0.0003309436147871,596995.1738861084,2.197863175763118,0.009168287850364,4.83039712906,4.79409360886,0.0363035201999997,-10.5908765997,10.1753350836,0.960764199999104,12.0,5.0,0.4166666666666667,0.2485658249504179,True,0.0026429212668978,0.0668306627725055,0.3149072901102185,0.3817379528827241,0.966428973203998,4.812245368959999,-3.7550926208000135,-0.5861551507622546,1273.6133820820146,9.334887204860605,0.0336605989331019
2.416622811350378e-05,0.0001693742202588,941701.5493856852,4.28782359481509,0.0263444148750981,4.76384019852,4.76362705231,0.0002131462099992,-20.478903928,19.4609539155,0.9502927492565556,12.0,5.0,0.4166666666666667,0.1281635837271109,True,0.0013820775389431,0.3856969532114614,0.9690840294551682,1.3547809826666295,0.9405638769726185,4.763733625415,-4.7253274917,1.0343659290054126,-84.57783995518828,3.087111486712492,-0.0011689313289439001
1.7561441645936995e-05,0.0003933825949007,359624.5604181498,4.831895095231719,0.0407373969250938,4.72212618493,4.71985435486,0.0022718300699997,-22.8067513932,21.5365754729,0.944307021267452,12.0,5.0,0.4166666666666667,0.4618248409285195,True,0.0050263072745179,0.6302450940247374,0.417040355906237,1.0472854499309745,0.95845220046313,4.720990269894999,-5.580194602100015,-1.4758356430130672,-54.80120999531205,4.897562596196415,-0.0027544772045182005
1.3950333418606957e-05,0.0001717203551873,630583.4603925415,1.0236090673108036,0.0160763462518932,4.826836586,4.81384706497,0.0129895210299997,-4.93502474265,4.75641884815,0.963808510835532,12.0,5.0,0.4166666666666667,0.3315580947237811,True,0.0036983222182982,0.0176492291424986,0.1549130274609668,0.1725622566034654,0.967383281869809,4.820341825485,-3.5931634902999927,-0.3695299579053664,251.22740159663235,17.137776523141667,0.0092911988117015
4.528727471515979e-05,0.0001330815874881,476417.24349812575,2.420579369877557,0.0183723354299646,4.79837417603,4.79615831375,0.0022158622799999,-11.6219127275,11.1421595742,0.958719948725411,12.0,5.0,0.4166666666666667,0.135183329806452,True,0.0016183520113616,0.1034719607141496,0.276769380255719,0.3802413409698687,0.9695396033295876,4.79726624489,-4.054675102199994,-1.1159579832551199,36.92090870487347,3.540964476409694,0.0005975102686382999
1.0581564300736997e-05,0.0003557793144583,491417.3090413812,4.37961567955725,0.0352509756482483,4.74255990982,4.74148750305,0.0010724067699996,-20.786152872,19.6966401731,0.9475846874787672,12.0,5.0,0.4166666666666667,0.5609013347963382,True,0.0060100327112783,0.4741868178439353,0.5165325484520312,0.9907193662959666,0.956715971869408,4.742023706435,-5.159525871300001,-0.9544404670906066,-82.15639046377994,6.619869249977886,-0.0049376259412787
7.513644173392796e-06,0.0003216605701955,394668.6237683767,2.954568426744987,0.0130983491851375,4.79656410217,4.79413414001,0.0024299621599999,-14.1892232206,13.5880397009,0.9576309773725176,12.0,5.0,0.4166666666666667,0.9835661478328802,True,0.0108041247546869,0.1361832704368807,0.279858109155106,0.4160413795919867,0.9726088241293562,4.79534912109,-4.093017578199998,-1.539966159596206,-77.50894019484765,11.07259852721729,-0.008374162594687
2.140529651965819e-05,0.0003345650996204,182021.44344112795,2.985237549911732,0.0292226348873391,4.77895419061,4.76804321122,0.0109109793900001,-14.263397862,13.6040811082,0.9537756178311112,12.0,5.0,0.4166666666666667,0.7485882325726403,True,0.0090224433739914,0.198661067269615,0.1304105394839015,0.3290716067535165,0.9784289733089752,4.773498700915001,-4.5300259816999855,-2.5196878005858836,20.931536366885926,6.621719838545417,0.0018885360160086993
3.414800835331103e-05,0.0004553713780815,506977.86490901175,0.4493893820338499,0.0364791784378283,4.89600801468,4.73432683945,0.1616811752299991,-2.3488811165,2.08087963536,0.8859024923580036,12.0,5.0,0.4166666666666667,0.1684738192273987,True,0.0017759576962157,0.0051486958377707,0.0546793126599123,0.0598280084976831,0.9740642192640724,4.815167427065,-3.6966514586999994,-9.05091524383033,9003.886628297369,40.63005151233173,0.15990521753378342
1.3160476211092248e-05,9.816493140738036e-05,419761.3992443844,2.263836319680677,0.0214790350229272,4.79674434662,4.79501962662,0.0017247199999994,-10.87252291,10.4140475173,0.9578317381811798,12.0,5.0,0.4166666666666667,0.5279741928628501,True,0.0068813780013386,0.0975560284347077,0.2280650642902604,0.3256210927249682,0.9720372168286676,4.7958819866199995,-4.082360267600009,-1.461413040730482,-74.93641535657686,6.032083748960923,-0.0051566580013392
1.7363256367174627e-05,0.0003605139286545,570602.5560032532,1.302809676684081,0.0403217609372861,4.81246513486,4.7938426578,0.01862247706,-6.24880372136,6.00993487607,0.961773668058498,12.0,5.0,0.4166666666666667,0.2943892234334795,True,0.0031227781546495,0.0456827923628012,0.17841276756041,0.2240955599232113,0.966742242105916,4.8031538963300004,-3.9369220733999915,-0.5139502373036537,496.3432603200782,17.487771263980957,0.0154996989053505
4.5286502354225824e-05,0.0003151083678796,188932.78677431497,3.977104934520126,0.0083310731110999,4.79865672588,4.78189992249,0.0167568033899998,-19.075926257,18.2481526644,0.9566063748911672,12.0,5.0,0.4166666666666667,0.340887195160492,True,0.0041246088949593,0.2132105935301359,0.180337324457464,0.3935479179875999,0.9805933966541324,4.7902783241849995,-4.194433516300009,-2.44617410690414,306.26405598063735,3.3162596956430415,0.012632194495040501
3.627879395533557e-05,0.0004148501198875,432877.02042686334,3.673271076074826,0.0469463253360847,4.74878740311,4.72247940898,0.0263079941299997,-17.4611717632,16.4911914762,0.9444493015615216,12.0,5.0,0.4166666666666667,0.1857245974318265,True,0.0019865236952256,0.3989487722146766,0.3816179132715477,0.7805666854862243,0.9592327851546436,4.735633406045,-5.287331879099995,-1.541177889446163,1224.3231980181351,4.602949547571872,0.0243214704347741
1.095191934623492e-05,0.0003568564509768,388378.8165838375,0.5853824208832563,0.0107111662700564,4.84197904348,4.80745029449,0.0345287489900005,-2.83600547313,2.72604234027,0.96122605054826,12.0,5.0,0.4166666666666667,0.6857108595090053,True,0.00747555483629,0.0055227759449577,0.054564031649189,0.0600868075941467,0.9798838870169844,4.824714668985,-3.5057066203,-1.9040864653386145,361.8887794439159,48.7564397630428,0.027053194153710505
4.656835200660573e-05,0.0003198613385675,501186.64506535896,3.2717785296802746,0.0159141878446122,4.80576658249,4.76707795501,0.03868862748,-15.7259488993,15.0085010278,0.9543780870652622,12.0,5.0,0.4166666666666667,0.1249673151107222,True,0.0013471149318066,0.1780478146313835,0.3935452091249591,0.5715930237563427,0.9662388288898096,4.78642226875,-4.271554625,-1.2275165797440792,2771.961891782696,4.0051754628357505,0.0373415125481934
3.1515676415948093e-05,0.0002511266708152,673576.663040054,4.271750492512375,0.0284707257643809,4.75801822543,4.75605964661,0.00195857882,-20.3466577664,19.3353527307,0.9502962576305752,12.0,5.0,0.4166666666666667,0.1373956976122137,True,0.0014754890542362,0.3989835815054571,0.6905643461006863,1.0895479276061435,0.9514641238459484,4.75703893602,-4.859221279600003,-0.12274411468636887,32.74099285093483,3.3040547058800485,0.00048308976576380016
8.385229546774247e-06,0.0002456420644211,328145.2430581277,2.498660766649514,0.0415932810291608,4.7722499299,4.77043867111,0.0018112587900001,-11.9285248293,11.3769136473,0.9537569657695576,12.0,5.0,0.4166666666666667,1.0599996684365032,True,0.0122437887918871,0.1731919225975143,0.196781674702083,0.3699735972995974,0.9712379990793792,4.771344300505,-4.573113989900008,-1.7998712289255192,-85.20671320955599,10.830701783679439,-0.010432530001887
1.67433063067759e-05,7.14176378606462e-05,649793.4863225555,0.1927987342367113,0.0051010093565494,4.84141302109,4.82250118256,0.0189118385300002,-0.929253237166,0.900314058668,0.9688575973259372,12.0,5.0,0.4166666666666667,0.2680835848578679,True,0.0034029392653854,0.0005233382357331,0.0300670468027796,0.0305903850385128,0.9692430369789854,4.831957101825,-3.360857963499999,-0.03976707991109514,455.7501046924603,53.560911062721104,0.0155088992646148
2.45966699623378e-05,0.0002714540084225,136842.60988366837,4.872831691126129,0.0385364663910499,4.72288195193,4.71950226009,0.0033796918400001,-22.9755369697,21.7235737693,0.945508860051842,12.0,5.0,0.4166666666666667,0.8665410398602806,True,0.0115813702589328,0.6203373349125729,0.1600346414730117,0.7803719763855846,0.968964543661076,4.721192106009999,-5.576157879800014,-2.4206957584444204,-70.81785864333871,3.408776804258104,-0.0082016784189327
2.7185389382656047e-05,7.722981003366252e-05,912846.330809995,2.2499071933493093,0.0253879174610875,4.79983520508,4.79883575439,0.0009994506900001,-10.8204507117,10.3644470274,0.9578572375172018,12.0,5.0,0.4166666666666667,0.1175313071200806,True,0.0013837050211105,0.1041927328380535,0.4929166862668634,0.5971094191049171,0.949596750839014,4.799335479734999,-4.013290405300012,0.8698941599041131,-27.769960016623664,3.745675104388353,-0.00038425433111039984
1.3906599663698238e-05,0.0003878820201407,297445.34769587487,1.2046568067987893,0.0073564930521641,4.84338903427,4.79461431503,0.0487747192400007,-5.8019985785,5.59485323976,0.964297588850228,12.0,5.0,0.4166666666666667,0.705112908136081,True,0.0078150736521337,0.0195015181152805,0.0859966950605923,0.1054982131758728,0.9827864314767276,4.81900167465,-3.6199665070000013,-1.8812675912424266,524.1108070259075,21.920275770693703,0.040959645587867
2.4388307810473312e-05,8.141206046991377e-05,471784.792933495,4.806043372127824,0.0498875164461351,4.70655918121,4.70556306839,0.0009961128200002,-22.6391404799,21.2878640646,0.940312379946592,12.0,5.0,0.4166666666666667,0.2534902107396469,True,0.0033598728008925,0.7112722558674027,0.5441803625156932,1.255452618383096,0.9503492434944364,4.7060611248,-5.878777504000006,-1.0561236952153312,-70.35266276343563,1.9007975256240246,-0.0023637599808923
2.2995175516816e-05,0.0003507965747434,968244.5104545988,4.524165603589623,0.0407245813403505,4.73602819443,4.73299741745,0.0030307769800002,-21.4803507691,20.2851619568,0.9443589713618966,12.0,5.0,0.4166666666666667,0.1309981088781965,True,0.0013581908134927,0.5520333774246168,1.0513196424151607,1.6033530198397776,0.933811879240059,4.73451280594,-5.309743881200006,1.1294664756696877,123.14809891890715,4.316590180635141,0.0016725861665075
4.730316721250696e-06,0.0003391494783787,234800.269418912,1.344740451990225,0.0406014551165904,4.8737410903,4.86840772629,0.0053333640100001,-6.66048269883,6.38114569479,0.9580605465593252,12.0,5.0,0.4166666666666667,2.6260197451054776,True,0.030382294912734,0.0641436423254133,0.0757789009021954,0.1399225432276087,0.9796138997628764,4.871074408295,-2.5785118341000057,-2.2001885853976137,-82.44581581042863,31.48342714513359,-0.0250489309027339
3.0405144880506763e-05,0.0003690845047625,702533.2630231426,3.5875467907592618,0.0464211852833777,4.74893426895,4.73730802536,0.0116262435900003,-17.058646778,16.144062719,0.946385896202534,12.0,5.0,0.4166666666666667,0.1365440654716171,True,0.0014312655441167,0.3776936303434117,0.6048890287584738,0.9825826591018856,0.9480673247068154,4.743121147155,-5.137577056900007,-0.17735328077058315,712.3051405653304,4.855811261501895,0.0101949780458836
4.225678499701868e-05,0.0002459022108736,893554.2035150854,4.459455812296388,0.0205758919736443,4.7724609375,4.76932231051,0.0031386269900002,-21.3262904581,20.3028692904,0.9520112900220165,12.0,5.0,0.4166666666666667,0.0772448340260426,True,0.0008163919897289,0.3693715050884528,0.956343716752132,1.325715221840585,0.9438803055217888,4.770891624004999,-4.582167519900011,0.861442330416327,284.45097814377704,2.704712637456819,0.0023222350002713
3.730326216387645e-06,0.0003879324849549,436279.6547089701,4.089680278632052,0.0283811017785919,4.75836277008,4.75698328018,0.0013794898999996,-19.5020632115,18.5146436378,0.9493684558914904,12.0,5.0,0.4166666666666667,1.7921527587519035,True,0.0192451494412979,0.3708829886536617,0.4282186319596023,0.7991016206132642,0.9623907985754724,4.75767302513,-4.846539497400002,-1.3531241885580758,-92.83201253278204,12.467670471079796,-0.0178656595412983
1.7710193275163955e-05,0.00015075958523,830247.5446130111,2.371128254207045,0.0333633782663267,4.78887653351,4.78814983368,0.0007266998299995,-11.3822161473,10.8738369747,0.9553356599434644,12.0,5.0,0.4166666666666667,0.1983608212376505,True,0.0021817031498535,0.134458040523879,0.4724696186443043,0.6069276591681834,0.95129995568592,4.7885131835950006,-4.229736328099989,0.42423046836310657,-66.69116831736262,6.152417167733676,-0.001455003319854
2.089284059748736e-05,0.0001841430912618,204193.07346502657,2.654029288787165,0.016755473528925,4.79433434248,4.78988274932,0.0044515931599997,-12.7150780205,12.1905068464,0.9587441639560328,12.0,5.0,0.4166666666666667,0.6836727993978349,True,0.0091095314381177,0.120276571505879,0.1300642554104759,0.2503408269163549,0.9814843339665688,4.7921085459,-4.157829082000006,-2.3169162485389747,-51.13257811074055,5.592979949694991,-0.004657938278118
3.191087967767342e-05,0.0003829451121191,189659.8462361127,4.295142956097994,0.0189896246863381,4.77602460286,4.75860309601,0.0174215068499998,-20.4643404251,19.5148168464,0.9536010660995754,12.0,5.0,0.4166666666666667,0.4819174228926609,True,0.00564858699582,0.3307981172788999,0.1955078766277603,0.5263059939066603,0.9760791974835732,4.767313849435,-4.653723011299995,-2.3029003632029648,208.4223871012672,4.0326567576151575,0.0117729198541798
2.188637129550404e-05,2.945741019302549e-05,362811.86153604666,2.8497554091109296,0.0267674989531402,4.78295269608,4.77832698822,0.0046257078599998,-13.627239119,13.026489582,0.955915535659575,12.0,5.0,0.4166666666666667,0.3673089904688222,True,0.0079691023621238,0.1720245889176776,0.2481420155764691,0.4201666044941467,0.971356723802484,4.78063984215,-4.387203156999995,-1.5896516454287473,-41.95446802157741,2.0355080184144803,-0.003343394502124
3.76199884073361e-05,3.678111969051495e-05,390146.6905945148,0.941878973366108,0.0164395105444187,4.8182387352,4.81637954712,0.0018591880799991,-4.54002678575,4.37162564321,0.9629074561699572,12.0,5.0,0.4166666666666667,0.1987193754369765,True,0.0037181948919034,0.0150035096997925,0.088193031455843,0.1031965411556356,0.9785569701628134,4.81730914116,-3.6538171768000005,-1.5992440368854974,-49.99756241805406,5.249017815967469,-0.0018590068119043
3.0282301659183973e-05,0.0003740294199436,263664.7974270191,3.638574467614785,0.0472768718046736,4.7410697937,4.72995573103,0.0111140626699999,-17.2547802088,16.3206272466,0.945861207682983,12.0,5.0,0.4166666666666667,0.3652967152340576,True,0.0041159851435039,0.393517954933788,0.2302473599824263,0.6237653149162143,0.9668503307328612,4.735512762365,-5.289744752699992,-2.170876130741839,170.02193357137833,4.829444481187037,0.0069980775264960006
4.112630182028532e-05,0.000466700820084,236438.02511929595,2.100455567006491,0.0095828031344164,4.8892788887,4.70936398574,0.1799149029600002,-10.2823093776,9.69059513156,0.9424531761970664,12.0,5.0,0.4166666666666667,0.2999506564179777,True,0.0033392913605294,0.0618400890332999,0.1191906158673229,0.1810307049006229,0.9830548088895916,4.79932143722,-4.013571255600006,-4.130149440842143,5287.816860984454,8.01892142957099,0.1765756115994708
3.033104533076356e-05,0.0002862062259586,191956.0325264818,0.4364935809825097,0.0422057763495013,4.8481241107,4.78115164757,0.0669724631299999,-2.16414664226,2.0272963225,0.9367647658029824,12.0,5.0,0.4166666666666667,0.5009537767097033,True,0.0061493329735075,0.0058327161179105,0.0201090182468829,0.0259417343647935,0.988253205427376,4.814637879135,-3.707242417300005,-5.210045294224688,989.1012638042216,35.187465980863585,0.0608231301564924
3.341503634903102e-05,1.5779305438880022e-05,258076.2210300945,4.568707548611673,0.0083874372337882,4.78824234009,4.77756828129,0.0106740588000002,-21.8769366855,20.9054912849,0.9555949987621496,12.0,5.0,0.4166666666666667,0.3382181188039566,True,0.0137639417647089,0.2818060776197353,0.2829779469929681,0.5647840246127034,0.9758725110574684,4.7829053106899995,-4.341893786200011,-2.077885386211549,-22.449113905954178,0.7520550257624715,-0.0030898829647087005
3.2021300696340634e-05,2.9665428721663823e-05,166751.34598510864,1.3229894665254345,0.0446076057244732,4.80147813261,4.78731441498,0.0141637176299997,-6.35579315615,6.08308353802,0.957092748075648,12.0,5.0,0.4166666666666667,0.5462336884003655,True,0.0192651788961127,0.0507457699049873,0.0529464658241368,0.1036922357291242,0.984566483337267,4.794396273795,-4.112074524100002,-2.790439825708323,-26.48021746189113,3.6376377490676317,-0.0051014612661129995
1.340558447420249e-05,0.0004441336223479,822904.334555335,1.0123451646608346,0.0204353088609726,4.83977752624,4.80113649368,0.0386410325600001,-4.86034711955,4.70381655188,0.967794364513518,12.0,5.0,0.4166666666666667,0.2643940605136787,True,0.0027343677265097,0.0190825227693154,0.1999351737757284,0.2190176965450438,0.9585252160568296,4.82045700996,-3.590859800799997,0.9670218687432844,1313.1615212312236,28.428591342049604,0.0359066648334904
2.6226723187513146e-05,1.983455904221292e-05,621061.4952370921,4.7169559603571125,0.0074464070343409,4.78910636902,4.78710889816,0.0019974708600001,-22.6237304533,21.6282405894,0.9559979789383148,12.0,5.0,0.4166666666666667,0.1790639503473142,True,0.0036076649940476,0.2915651311666579,0.7030847332096566,0.9946498643763144,0.9595332406859858,4.78810763359,-4.237847328199997,-0.36843556822935297,-44.63258469686653,0.9218227913059951,-0.0016101941340474998
2.6172480880867857e-05,6.351126517047748e-05,620245.398506127,1.7462672271239887,0.0392086942821029,4.79407703698,4.79347372055,0.0006033164300003,-8.38738247172,8.02598118685,0.9569113145741776,12.0,5.0,0.4166666666666667,0.1796711535287986,True,0.0023668417452536,0.0803840602001135,0.2599474109245698,0.3403314711246833,0.9624841334715952,4.793775378765,-4.124492424700001,-0.579003715865633,-74.50964217568942,4.460281173996665,-0.0017635253152532998
1.902801749689065e-05,0.0003547383111681,617311.66620919,3.40835527700667,0.0337778676050877,4.76867866516,4.76234436035,0.0063343048100001,-16.2641086428,15.477774051,0.9516521557332251,12.0,5.0,0.4166666666666667,0.2483068906836318,True,0.0026248068760682,0.2797898949226872,0.5049641940196495,0.7847540889423368,0.9559783049153636,4.765511512755,-4.689769744899994,-0.4525363347572498,141.324604402458,6.334063636671753,0.0037094979339318997
4.044063792728235e-05,0.0002823209447808,180220.45773002025,4.052945662845562,0.0470797169452607,4.72781705856,4.72263765335,0.0051794052100007,-19.1657378483,18.1008347624,0.9444371464157088,12.0,5.0,0.4166666666666667,0.400188599338203,True,0.0049850535481906,0.4868876042343733,0.1753016934031025,0.6621892976374758,0.9683570552568131,4.725227355955,-5.4954528809,-2.4701538251054225,3.8986875453051524,3.2595809693545523,0.0001943516618100995
